year,office,office_name,approved,modified,accrued,shifted,ratio
2007,2300,Ramo de Gobernación y Desarrollo Territorial,201742640.0,42156821.000000015,42148109.34000001,-159585818.99999997,-79.10366345954428
2007,0700,Ramo de Hacienda,1177667280.0,1176231685.1599998,1170600934.0800002,-1435594.8400000073,-0.1219015645913171
2007,4600,Ramo de Turismo,17535245.0,17285027.71,13544815.510000002,-250217.2899999998,-1.4269392301048534
2007,1900,Procuraduría para la Defensa de los Derechos Human,4382525.0,4207470.999999987,4207455.479999986,-175054.00000000032,-3.9943639796692616
2007,0200,Corte de Cuentas de la República,25180645.0,25180644.999999985,24721978.289999984,1.0186340659856796e-10,4.04530569405859e-16
2007,0400,Tribunal de Servicio Civil,345190.0,510887.0000000001,510800.8000000002,165697.0000000001,48.001680234074016
2007,3300,Ramo de Trabajo y Previsión Social,8930135.0,9278111.430000007,9277999.680000003,347976.43000000017,3.896653634015613
2007,1500,Consejo Nacional de la Judicatura,4023370.0,4424437.999999996,4424353.6599999955,401068.0000000004,9.96845927667603
2007,0100,Organo Legislativo,28443540.0,28868311.43,26700781.13999999,424771.42999999924,1.4933845435554058
2007,0600,Tribunal de Etica Gubernamental,700000.0,1204433.0000000005,1204432.1100000006,504433.0,72.06185714285715
2007,0500,Presidencia de la República,41278609.99999999,42150844.10000001,37562361.750000015,872234.1000000275,2.113041354832509
2007,1800,Procuraduría General de la República,16134905.0,18258975.0,18258861.010000013,2124070.0,13.164440695498362
2007,0300,Tribunal Supremo Electoral,10204795.000000015,14397485.129999997,14397426.459999999,4192690.1300000013,41.08549098732503
2007,1600,Organo Judicial,170111065.0,175061567.0000002,166303640.5400003,4950502.000000003,2.9101587248307466
2007,0800,Ramo de Relaciones Exteriores,31576330.000000045,38133278.00000013,38133229.63000012,6556947.999999976,20.76538977138878
2007,0900,Ramo de la Defensa Nacional,110860520.0,119748410.00000006,119748194.88000008,8887889.999999998,8.017182311611021
2007,1700,Fiscalía General de la República,20070644.999999993,29139411.99999995,29103183.959999952,9068766.999999994,45.184232993010426
2007,4300,Ramo de Obras Públicas y de Transporte,123844945.0,133878660.00000012,133822018.34000014,10033714.999999987,8.10183653438579
2007,4400,Ramo de Medio Ambiente y Recursos Naturales,10469885.0,21911790.00000001,19363391.61,11441905.000000007,109.28396061656844
2007,4200,Ramo de Agricultura y Ganadería,35713644.99999998,49435389.76999995,48886443.20999991,13721744.769999988,38.42157463904902
2007,3200,Ramo de Salud,324240380.0,350650427.4000002,343335378.92000014,26410047.39999997,8.145206158467976
2007,3100,Ramo de Educación,527539245.0,583343098.7499981,575139608.8499976,55803853.75000006,10.578142627094987
2007,4100,Ramo de Economía,42002430.0,144275417.34,144234465.97,102272987.34,243.49302490355916
2007,2400,Ramo de Justicia y Seguridad Pública,0.0,217303269.65999985,205221286.24999976,217303269.65999985,inf
2008,0500,Presidencia de la República,45478819.99999991,38831448.28000001,38139640.94000001,-6647371.719999997,-14.616412035316682
2008,4600,Ramo de Turismo,17535245.0,15694852.740000002,14235553.82,-1840392.2599999998,-10.495389485576048
2008,1600,Organo Judicial,182220000.0,181525587.0000001,178454220.23999992,-694412.999999999,-0.38108495225551475
2008,0100,Organo Legislativo,32756345.0,32421411.34000004,30644659.460000034,-334933.6599999995,-1.022500098835812
2008,0400,Tribunal de Servicio Civil,800000.0,555028.0000000006,553738.0400000006,-244972.0,-30.6215
2008,1900,Procuraduría para la Defensa de los Derechos Human,5728650.0,5543789.000000004,5543666.530000006,-184861.00000000044,-3.226955740008561
2008,0600,Tribunal de Etica Gubernamental,1408210.0,1374931.9999999988,1371399.889999999,-33277.999999999985,-2.3631418609440344
2008,0200,Corte de Cuentas de la República,27525445.0,27541036.00000001,27493823.96000001,15590.999999999965,0.0566421360308615
2008,1500,Consejo Nacional de la Judicatura,4400060.0,4432056.999999998,4432031.149999997,31996.999999999967,0.727194629164147
2008,1800,Procuraduría General de la República,17854805.0,18075869.99999998,17918388.50999998,221065.0,1.2381260954684188
2008,3300,Ramo de Trabajo y Previsión Social,8950585.0,9461999.219999999,9461953.199999996,511414.21999999933,5.713751894429239
2008,4400,Ramo de Medio Ambiente y Recursos Naturales,8453239.999999994,9065844.999999998,8755922.150000002,612604.9999999998,7.246984588157915
2008,3100,Ramo de Educación,635168400.0,636012637.5600005,632242761.7900003,844237.5600000183,0.1329155480656812
2008,2300,Ramo de Gobernación y Desarrollo Territorial,12665015.0,14128736.000000006,14128663.269999994,1463720.9999999981,11.557199103198837
2008,0800,Ramo de Relaciones Exteriores,35845724.99999994,44538094.00000021,44533264.6400002,8692369.000000004,24.249388176693365
2008,0300,Tribunal Supremo Electoral,11223495.0,20315462.60999997,20315458.12999997,9091967.61,81.00834552873235
2008,0900,Ramo de la Defensa Nacional,114869495.0,124218044.00000004,124210432.33000009,9348548.999999994,8.1384087220023
2008,1700,Fiscalía General de la República,28891355.00000002,38471369.31999999,37727094.84,9580014.319999997,33.15875742068861
2008,0700,Ramo de Hacienda,1264043900.0,1274648746.7099998,1267393629.1699994,10604846.710000005,0.8389618991872042
2008,3200,Ramo de Salud,356726510.0,369573618.78999954,365266682.7399995,12847108.78999996,3.6013888594934986
2008,4200,Ramo de Agricultura y Ganadería,45352105.0,58469745.079999894,58212943.359999835,13117640.07999999,28.923993891793977
2008,2400,Ramo de Justicia y Seguridad Pública,307220530.0,337982319.18999994,313915477.4199999,30761789.19000006,10.012934093304267
2008,4300,Ramo de Obras Públicas y de Transporte,125671675.00000003,195976263.00000027,189833437.01000026,70304588.00000021,55.9430659295344
2008,4100,Ramo de Economía,40944740.0,150928991.27999997,150864725.6,109984251.28,268.6163137926874
2009,0500,Presidencia de la República,48091984.99999999,37324896.120000094,36985092.910000086,-10767088.879999984,-22.388530812358827
2009,1600,Organo Judicial,204308048.0,194032601.00000024,177417499.89000022,-10275447.00000001,-5.02938924853318
2009,0200,Corte de Cuentas de la República,32728235.0,31570364.999999996,31542816.369999997,-1157869.9999999995,-3.537832089020381
2009,4600,Ramo de Turismo,18264360.0,17331795.32,12702771.449999996,-932564.6799999999,-5.105925857790801
2009,0100,Organo Legislativo,39266025.0,38721127.00000006,37600321.67000005,-544898.0000000072,-1.3877085852209567
2009,1500,Consejo Nacional de la Judicatura,5355697.0,5062176.999999994,4998183.369999995,-293520.0,-5.4805191555832975
2009,2300,Ramo de Gobernación y Desarrollo Territorial,15728885.0,15443710.000000004,15003006.520000005,-285175.0000000056,-1.8130655796644555
2009,0400,Tribunal de Servicio Civil,824870.0,562757.0000000005,562752.4800000004,-262113.00000000006,-31.776279898650706
2009,1900,Procuraduría para la Defensa de los Derechos Human,6574720.0,6348256.999999989,6348248.049999989,-226463.00000000015,-3.4444508663486832
2009,0600,Tribunal de Etica Gubernamental,1408210.0,1285956.999999998,1285938.0899999978,-122253.00000000001,-8.681446659234064
2009,3300,Ramo de Trabajo y Previsión Social,10356620.0,10256201.379999995,10240548.809999995,-100418.61999999976,-0.9696080381437164
2009,4400,Ramo de Medio Ambiente y Recursos Naturales,11030780.000000004,11709720.999999998,9075783.19,678941.0000000002,6.1549681890129255
2009,1800,Procuraduría General de la República,18915270.0,19627537.369999986,19490271.92999999,712267.3699999992,3.7655680833527576
2009,0300,Tribunal Supremo Electoral,13562290.000000007,14319123.109999994,14240056.44999999,756833.110000002,5.580422701475942
2009,0800,Ramo de Relaciones Exteriores,37170475.000000015,38507971.000000045,38363141.860000074,1337495.999999991,3.5982752439940313
2009,0900,Ramo de la Defensa Nacional,132190575.0,134497778.00000006,134431173.32000005,2307203.0000000033,1.745361195380233
2009,4200,Ramo de Agricultura y Ganadería,52100075.0,57320110.72999995,55558929.26,5220035.730000004,10.01924801451822
2009,1700,Fiscalía General de la República,34081950.0,41638638.32000004,41313273.92000003,7556688.319999999,22.17211256985002
2009,2400,Ramo de Justicia y Seguridad Pública,265329520.0,300315198.85999984,281583373.9899997,34985678.86000003,13.185746862995126
2009,3200,Ramo de Salud,393395385.0,428785246.36000085,422440083.4400011,35389861.36000002,8.996003183921445
2009,4100,Ramo de Economía,43432265.000000015,100380186.02000007,100181746.92000006,56947921.02,131.11892971734258
2009,3100,Ramo de Educación,702874705.0,760416969.0000012,756223631.6300015,57542264.00000001,8.186702920259451
2009,4300,Ramo de Obras Públicas y de Transporte,138337775.0,206939006.99999997,201879786.9600001,68601232.0,49.58965980188708
2009,0700,Ramo de Hacienda,1391377750.0,2365961030.4599996,2349877535.2400002,974583280.4600003,70.04447788963137
2010,0700,Ramo de Hacienda,1435628620.0,1431577995.6099994,1418340075.3499997,-4050624.390000036,-0.2821498773129806
2010,0500,Presidencia de la República,64693229.99999984,61043601.62999998,57946666.029999994,-3649628.369999999,-5.641437859881178
2010,4600,Ramo de Turismo,13861395.0,13643513.91,13003903.189999998,-217881.0900000002,-1.57185543013528
2010,0400,Tribunal de Servicio Civil,825720.0,667959.0000000006,595644.1099999998,-157761.00000000038,-19.10587123964545
2010,0600,Tribunal de Etica Gubernamental,1409085.0,1385559.9999999998,1348570.1999999993,-23524.999999999985,-1.669523130258287
2010,3300,Ramo de Trabajo y Previsión Social,11734740.0,11728311.0,11545616.789999997,-6428.999999999865,-0.05478604553658509
2010,1500,Consejo Nacional de la Judicatura,5359965.0,5359964.999999994,5136976.529999994,-2.3283064365386963e-10,-4.343883656961746e-15
2010,0200,Corte de Cuentas de la República,33733775.0,33733775.0,32102071.88000001,8.731149137020111e-11,2.588251429619161e-16
2010,0100,Organo Legislativo,45880130.0,45927710.0,45898776.879999995,47580.00000000675,0.10370502437549055
2010,1900,Procuraduría para la Defensa de los Derechos Human,6540940.0,6686689.999999996,6667105.629999996,145749.99999999985,2.228273000516743
2010,0800,Ramo de Relaciones Exteriores,38408329.99999998,38840129.000000015,38813745.15000005,431798.9999999983,1.124232685982438
2010,1800,Procuraduría General de la República,18090765.0,18570498.00000003,18569690.730000027,479732.9999999989,2.651811573474084
2010,1600,Organo Judicial,193182299.99999976,194136938.00000012,180443161.33999994,954638.0,0.4941643204372249
2010,1700,Fiscalía General de la República,34375455.00000003,35671890.99999998,35665339.159999974,1296435.9999999967,3.77140026219288
2010,0300,Tribunal Supremo Electoral,13455985.000000006,19087048.999999985,19040030.02999998,5631063.999999999,41.848025246758205
2010,4400,Ramo de Medio Ambiente y Recursos Naturales,8501364.999999998,18706753.999999996,17988259.089999992,10205388.999999996,120.04412232623818
2010,2300,Ramo de Gobernación y Desarrollo Territorial,15853970.00000001,28021162.000000034,21241000.41000001,12167192.000000006,76.74539563276579
2010,4200,Ramo de Agricultura y Ganadería,51012870.00000001,64633455.03000007,59809955.99000002,13620585.030000003,26.7002915734794
2010,0900,Ramo de la Defensa Nacional,132010110.0,145952471.00000012,145677573.27000007,13942360.999999998,10.561585775513707
2010,3100,Ramo de Educación,671450625.0,695974655.0200001,687810178.5699999,24524030.019999996,3.6523951437233375
2010,2400,Ramo de Justicia y Seguridad Pública,290285095.0,330169438.0000005,328604306.5500007,39884343.00000005,13.739714400424194
2010,3200,Ramo de Salud,390651645.00000024,447809128.0700005,443000977.1500006,57157483.06999984,14.631317646185721
2010,4100,Ramo de Economía,41839610.0,129107023.14000003,128311351.79000005,87267413.14000002,208.57606736774082
2010,4300,Ramo de Obras Públicas y de Transporte,125725180.0,238088668.22000003,208035089.2500001,112363488.22000003,89.372302525238
2011,0500,Presidencia de la República,93183715.00000009,77783621.52999984,72911487.24999991,-15400093.470000032,-16.526593160618265
2011,1600,Organo Judicial,208113740.0,205775791.9999998,195196718.59999987,-2337947.999999997,-1.1233991566342507
2011,0800,Ramo de Relaciones Exteriores,41254930.0,40242729.000000186,40222100.00000018,-1012200.9999999978,-2.453527372364946
2011,0100,Organo Legislativo,53502495.0,53502495.000000075,52940357.480000064,-4.656612873077393e-10,-8.703543401251461e-16
2011,0200,Corte de Cuentas de la República,34811375.0,34811375.0,34021639.39,-3.2741809263825417e-10,-9.405491527934596e-16
2011,0400,Tribunal de Servicio Civil,825720.0,825720.0000000006,720718.6600000003,-4.3655745685100555e-11,-5.286991435971099e-15
2011,0600,Tribunal de Etica Gubernamental,1409085.0,1409085.0,1185924.32,5.820766091346741e-11,4.1308835814352866e-15
2011,4600,Ramo de Turismo,13969090.0,14059090.000000002,13673924.980000002,89999.99999999962,0.6442796202186372
2011,1900,Procuraduría para la Defensa de los Derechos Human,7799695.0,7972769.999999998,7960280.689999997,173075.00000000087,2.2189970248836763
2011,4400,Ramo de Medio Ambiente y Recursos Naturales,17834290.000000007,18138116.0,15926670.810000004,303826.00000000105,1.7036058065670174
2011,1800,Procuraduría General de la República,19169485.0,19495135.00000001,19494970.62000001,325650.0000000006,1.6987936817290636
2011,3300,Ramo de Trabajo y Previsión Social,12586815.0,12942715.000000006,12785017.470000006,355899.99999999977,2.827562016284499
2011,1500,Consejo Nacional de la Judicatura,5509965.0,5896490.000000001,5784306.85,386524.9999999999,7.0150173367707405
2011,0300,Tribunal Supremo Electoral,14847985.000000006,18057387.999999993,17924168.329999994,3209402.999999999,21.615074368676947
2011,1700,Fiscalía General de la República,33875454.99999993,37788989.99999998,37785269.01999996,3913534.9999999995,11.55271567570091
2011,2300,Ramo de Gobernación y Desarrollo Territorial,15540135.0,21343867.000000022,19770779.579999994,5803732.0,37.34672832636267
2011,4200,Ramo de Agricultura y Ganadería,54175080.00000001,67856671.99999997,58338269.869999975,13681592.0,25.25440110102283
2011,0900,Ramo de la Defensa Nacional,144904005.0,162377480.99999988,162294901.38999984,17473476.00000003,12.058656349767578
2011,3200,Ramo de Salud,470783949.9999998,488886453.73000026,471647192.16000044,18102503.729999952,3.8451828551079448
2011,4300,Ramo de Obras Públicas y de Transporte,208657585.0,228894993.9999997,204480964.20000017,20237409.00000002,9.698860935249499
2011,2400,Ramo de Justicia y Seguridad Pública,315754540.0,336831303.0000005,335647012.9100005,21076762.99999995,6.675046699249345
2011,3100,Ramo de Educación,706989165.0,769784734.0000001,763986146.2800003,62795569.000000015,8.88211193448771
2011,4100,Ramo de Economía,73329310.0,177435511.99999994,173809743.06999996,104106202.0,141.97079176116617
2011,0700,Ramo de Hacienda,1944848385.0,2161354469.0,2078708450.4100006,216506084.0,11.132285975083862
2012,0500,Presidencia de la República,91764940.0,85162967.08999985,77666992.13999988,-6601972.909999981,-7.194439303289449
2012,1600,Organo Judicial,226861384.9999999,224562808.99999994,208127730.57000026,-2298576.000000005,-1.0132072498808053
2012,0800,Ramo de Relaciones Exteriores,41045990.0,39514439.999999985,39507111.01,-1531550.0000000023,-3.7313023757010186
2012,0200,Corte de Cuentas de la República,35833765.0,35333765.00000002,33440009.440000016,-499999.9999999997,-1.3953320283257975
2012,4600,Ramo de Turismo,16988035.0,16544361.31,15868618.03,-443673.6899999996,-2.611683399522073
2012,0300,Tribunal Supremo Electoral,15865759.999999989,15534682.999999978,15387723.489999982,-331076.99999999977,-2.086738990127167
2012,0600,Tribunal de Etica Gubernamental,1410035.0,1105021.9999999995,1016179.9500000004,-305013.0,-21.63159070519526
2012,3300,Ramo de Trabajo y Previsión Social,13259115.0,13126278.999999989,12944786.38999999,-132835.9999999999,-1.0018466541696027
2012,0400,Tribunal de Servicio Civil,826670.0,700477.9999999994,684996.7599999986,-126191.99999999999,-15.265099737501057
2012,1500,Consejo Nacional de la Judicatura,5814600.0,5783640.0,5756604.75,-30960.000000000146,-0.5324527912496155
2012,1900,Procuraduría para la Defensa de los Derechos Human,8572345.0,8572344.999999985,8473895.649999995,-5.820766091346741e-11,-6.790167791131529e-16
2012,0100,Organo Legislativo,56333375.0,56333375.000000015,54754319.14,0.0,0.0
2012,1800,Procuraduría General de la República,20443535.0,20762280.00000003,20757722.580000035,318745.00000000023,1.5591481610200988
2012,1700,Fiscalía General de la República,33550440.0,34350440.00000003,34344038.240000024,799999.9999999998,2.3844694734256833
2012,2300,Ramo de Gobernación y Desarrollo Territorial,17405065.000000004,19677025.000000026,19155222.250000015,2271960.000000005,13.053441627480304
2012,4400,Ramo de Medio Ambiente y Recursos Naturales,12641099.999999994,15594229.000000007,12137962.220000017,2953128.999999998,23.361329314695713
2012,3200,Ramo de Salud,522606109.99999994,526003460.0000013,493681466.490001,3397349.999999863,0.6500785075015414
2012,3100,Ramo de Educación,827710740.0,833230206.0000001,823179513.9300007,5519466.000000004,0.6668351313165278
2012,4200,Ramo de Agricultura y Ganadería,65562570.0,72927663.99999993,70031070.8099999,7365094.0,11.233687148017534
2012,2400,Ramo de Justicia y Seguridad Pública,326018639.99999994,337949908.99999994,336568806.77999973,11931269.000000007,3.6596892128621876
2012,0900,Ramo de la Defensa Nacional,143131030.0,159678784.00000015,159664678.58000007,16547754.000000015,11.561262432052654
2012,4300,Ramo de Obras Públicas y de Transporte,227744510.0,275374523.00000006,239675547.0600002,47630013.00000001,20.913791950462386
2012,0700,Ramo de Hacienda,1376070615.0,1445217375.9999995,1408603955.3399992,69146761.00000007,5.024942778826802
2012,4100,Ramo de Economía,93763745.0,175099004.0,173135942.1,81335259.00000001,86.7448916422867
2013,0500,Presidencia de la República,104114777.99999999,85816192.61999977,79085055.60999961,-18298585.379999995,-17.575396818307578
2013,1600,Organo Judicial,244384267.9999999,242155611.0,216436697.18999988,-2228657.0,-0.9119478181795241
2013,3300,Ramo de Trabajo y Previsión Social,14849645.0,14453469.000000007,14296047.86000001,-396176.00000000047,-2.6679156303063167
2013,4600,Ramo de Turismo,19088035.0,18771466.999999996,15309616.749999996,-316567.99999999907,-1.6584630109909115
2013,0600,Tribunal de Etica Gubernamental,2323750.0,2157587.0,1970011.980000001,-166162.99999999994,-7.1506401291016655
2013,1500,Consejo Nacional de la Judicatura,5914600.0,5913124.0000000065,5835496.430000006,-1476.0000000000437,-0.024955195617624923
2013,0100,Organo Legislativo,57856280.0,57856280.000000045,57483632.46000005,-5.360220711736474e-09,-9.264717178042684e-15
2013,1700,Fiscalía General de la República,39200374.999999866,39200375.00000003,39198604.12000003,-7.712515071034431e-10,-1.967459513087428e-15
2013,2300,Ramo de Gobernación y Desarrollo Territorial,19312265.0,19312264.999999993,18270704.54999996,-4.0745362639427185e-10,-2.1098179130944604e-15
2013,1900,Procuraduría para la Defensa de los Derechos Human,8900000.0,8899999.999999978,8573181.13999999,-1.4551915228366852e-10,-1.6350466548726798e-15
2013,0400,Tribunal de Servicio Civil,848270.0000000003,848270.0000000006,740227.0499999999,0.0,0.0
2013,0200,Corte de Cuentas de la República,36900000.0,36900000.0,36408209.480000004,6.402842700481415e-10,1.7351877237077004e-15
2013,0300,Tribunal Supremo Electoral,17450219.999999993,17623795.000000004,17229312.7,173575.0,0.9946865999397145
2013,0800,Ramo de Relaciones Exteriores,44510770.0,44851821.99999971,44514713.6399997,341052.0000000023,0.7662235454475452
2013,1800,Procuraduría General de la República,21200000.0,21721320.000000097,21719771.640000094,521320.00000000023,2.459056603773586
2013,3100,Ramo de Educación,863952875.0,865832174.0000007,859148838.320001,1879298.9999999965,0.2175233226696533
2013,4400,Ramo de Medio Ambiente y Recursos Naturales,12373080.000000028,16043316.00000001,15540743.250000006,3670235.999999999,29.66307499830269
2013,0900,Ramo de la Defensa Nacional,152380645.0,162880644.99999988,162359913.71999997,10500000.000000011,6.890638899710663
2013,2400,Ramo de Justicia y Seguridad Pública,356045830.0,370013776.9999997,365062553.43999976,13967947.000000019,3.9230755770963586
2013,4200,Ramo de Agricultura y Ganadería,72883584.99999994,99821698.00000007,65836608.74999991,26938113.000000007,36.96046647540736
2013,3200,Ramo de Salud,565621185.0000001,594397221.5400001,579291624.2399998,28776036.53999978,5.087510387362838
2013,4300,Ramo de Obras Públicas y de Transporte,258251584.0,299873826.0000002,255864898.0100001,41622241.999999985,16.116935801640615
2013,4100,Ramo de Economía,120425330.0,185366080.00000003,180111453.88000003,64940750.00000001,53.92615490445408
2013,0700,Ramo de Hacienda,1444373765.0,1523842859.9999995,1482460300.9299994,79469095.00000001,5.501975799179655
2014,0500,Presidencia de la República,99461689.0,85285646.17,78691461.67999983,-14176042.829999985,-14.25276704279573
2014,1600,Organo Judicial,254153999.99999985,251995239.9999998,217211471.43999955,-2158760.0,-0.8493905270033134
2014,3300,Ramo de Trabajo y Previsión Social,16931810.0,16883229.99999997,15421956.029999956,-48579.999999999825,-0.28691557488537744
2014,4600,Ramo de Turismo,19476713.0,19466208.0,18714623.56,-10505.000000000116,-0.05393620576531633
2014,1500,Consejo Nacional de la Judicatura,5848830.0,5848829.999999996,5812987.349999998,-1.6007106751203537e-10,-2.7368049252933558e-15
2014,1900,Procuraduría para la Defensa de los Derechos Human,9117430.0,9117429.999999996,8799965.119999997,-4.3655745685100555e-11,-4.788163515936021e-16
2014,0600,Tribunal de Etica Gubernamental,2295165.0,2295164.9999999995,2008599.8399999992,-3.637978807091713e-12,-1.585061992097175e-16
2014,0400,Tribunal de Servicio Civil,864975.9999999979,864975.9999999985,792743.1599999998,-2.7284841053187847e-12,-3.154404405808706e-16
2014,1700,Fiscalía General de la República,44575015.00000009,44575014.999999925,44557037.29999991,9.276845958083868e-11,2.0811761831339485e-16
2014,0200,Corte de Cuentas de la República,37400000.0,37399999.99999999,36380811.35000001,3.005879989359528e-10,8.037112271014781e-16
2014,2300,Ramo de Gobernación y Desarrollo Territorial,20370350.0,20370350.00000002,19832860.490000017,4.43833414465189e-10,2.1788207589225955e-15
2014,0100,Organo Legislativo,58501220.00000008,58501219.99999985,57205374.2699998,7.58154783397913e-09,1.2959640557887714e-14
2014,0300,Tribunal Supremo Electoral,16453649.999999993,16719259.99999999,16540331.229999997,265610.0000000002,1.6142922694964357
2014,4400,Ramo de Medio Ambiente y Recursos Naturales,24859185.000000007,25584870.000000007,13183550.650000015,725685.0000000002,2.9191825878442916
2014,1800,Procuraduría General de la República,24231460.0,25066772.99999998,25066772.869999982,835312.9999999994,3.4472252187858237
2014,0800,Ramo de Relaciones Exteriores,41698790.0,42780761.99999985,41757897.34999982,1081971.999999996,2.594732365135765
2014,3100,Ramo de Educación,884926870.0,887665803.0,874907643.2300013,2738932.9999999916,0.3095095304315928
2014,3200,Ramo de Salud,586312317.0,591927032.0000005,554968027.3599995,5614714.999999897,0.9576321078719375
2014,0900,Ramo de la Defensa Nacional,149455885.0,155487695.00000018,155395896.80000022,6031809.999999994,4.035846430537007
2014,4300,Ramo de Obras Públicas y de Transporte,243845440.0,252601194.0800001,219685573.6200003,8755754.080000004,3.5906983046310006
2014,4100,Ramo de Economía,135390870.0,148047356.00000003,144011485.29000017,12656485.999999998,9.348108923445132
2014,4200,Ramo de Agricultura y Ganadería,89001455.0,112351205.00000007,81648442.14000006,23349750.0,26.235245255260153
2014,2400,Ramo de Justicia y Seguridad Pública,356130605.0,379986639.00000006,357903036.4300002,23856034.00000002,6.698675616491882
2014,0700,Ramo de Hacienda,1537684869.9999995,2724865229.000003,2707600945.590004,1187180359.0000002,77.20569943567179
2015,4100,Ramo de Economía,139448280.0,113799361.0000001,109440077.45000015,-25648918.999999996,-18.393141170332107
2015,0500,Presidencia de la República,110658073.0,93980945.1999998,82092023.86999981,-16677127.800000053,-15.070864102251313
2015,1600,Organo Judicial,264848202.3000002,262759339.3,239656091.46000037,-2088863.000000003,-0.7887019741345631
2015,3300,Ramo de Trabajo y Previsión Social,15341850.0,15341849.999999974,14857910.569999982,-7.712515071034431e-10,-5.0271089021431126e-15
2015,0100,Organo Legislativo,58501220.0,58501220.00000008,56533428.30000006,-4.656612873077393e-10,-7.959856004844672e-16
2015,1900,Procuraduría para la Defensa de los Derechos Human,9510735.0,9510734.999999981,9158608.04999998,-3.901732270605862e-10,-4.102450831198495e-15
2015,1500,Consejo Nacional de la Judicatura,6280515.0,6280514.999999996,5981784.509999997,-1.9826984498649836e-10,-3.156904250471472e-15
2015,0600,Tribunal de Etica Gubernamental,2257845.0,2257845.0000000005,2006755.97,-9.094947017729282e-12,-4.0281538448074527e-16
2015,0400,Tribunal de Servicio Civil,851545.0000000007,851544.9999999999,742862.5599999998,-1.5916157281026244e-12,-1.8690917427765098e-16
2015,2300,Ramo de Gobernación y Desarrollo Territorial,21927505.0,21927504.999999974,21431365.199999977,2.6557245291769505e-10,1.2111384898450372e-15
2015,0200,Corte de Cuentas de la República,37785170.0,37785170.0,35981294.27,3.228706191293895e-10,8.544903175753596e-16
2015,0300,Tribunal Supremo Electoral,16495625.0,16735624.99999998,15057842.639999986,240000.00000000047,1.4549312317660015
2015,1800,Procuraduría General de la República,24733505.0,25173504.999999993,25171096.529999997,439999.99999999884,1.7789633939872203
2015,4600,Ramo de Turismo,17025335.0,17625334.999999996,16209646.32,599999.9999999995,3.5241597301903287
2015,0800,Ramo de Relaciones Exteriores,43645421.0,44751872.99999987,43831511.12999985,1106451.9999999902,2.5350929711503762
2015,4400,Ramo de Medio Ambiente y Recursos Naturales,20654374.999999993,22689915.99999999,14078426.159999996,2035541.0,9.855253426937395
2015,3200,Ramo de Salud,615684043.0,620628406.0300003,585166793.7999996,4944363.0299999565,0.8030682435601073
2015,3100,Ramo de Educación,917681780.0,930273958.0000011,926640967.7300003,12592178.000000011,1.3721726064998274
2015,0900,Ramo de la Defensa Nacional,148398485.0,161398484.99999985,161133373.55999982,12999999.999999994,8.760197248644415
2015,4300,Ramo de Obras Públicas y de Transporte,236119115.7,251613567.70000008,229089950.4000001,15494451.999999996,6.562133673110313
2015,1700,Fiscalía General de la República,44626045.00000001,62191585.999999896,48955747.4199999,17565541.00000001,39.36163511689196
2015,2400,Ramo de Justicia y Seguridad Pública,422721610.0,447850377.00000036,438567960.21000063,25128767.00000003,5.9445191363649545
2015,0700,Ramo de Hacienda,1549089565.0,1574678831.0,1549092102.9299998,25589266.000000015,1.651890670375797
2015,4200,Ramo de Agricultura y Ganadería,75902400.0,110792803.00000004,91271391.43000007,34890403.000000015,45.967456892008705
2016,0500,Presidencia de la República,103842805.0,98483767.04999991,86259894.54999967,-5359037.949999995,-5.160721486674012
2016,4100,Ramo de Economía,100701985.0,97144266.99999996,93604717.30999997,-3557718.0000000107,-3.5329174494425417
2016,1600,Organo Judicial,265468724.00000006,263449741.99999973,245300195.86999935,-2018982.0000000005,-0.7605347890247139
2016,4600,Ramo de Turismo,24458240.0,24239239.999999996,17332956.62,-219000.00000000015,-0.8954037575884453
2016,3300,Ramo de Trabajo y Previsión Social,13690755.0,13540755.000000013,13254824.98000001,-149999.99999999854,-1.0956298611727298
2016,0400,Tribunal de Servicio Civil,852160.0,798159.9999999994,780372.7799999991,-53999.9999999999,-6.33683815245962
2016,0600,Tribunal de Etica Gubernamental,2358600.0,2315349.9999999986,2275348.789999998,-43250.00000000006,-1.8337149156279173
2016,1500,Consejo Nacional de la Judicatura,6283295.0,6283294.999999991,5960689.209999985,-1.8326318240724504e-10,-2.9166732169545602e-15
2016,1800,Procuraduría General de la República,25433080.0,25433080.000000034,25430118.61000003,-2.9103830456733704e-11,-1.1443297648862702e-16
2016,0300,Tribunal Supremo Electoral,16621840.000000007,16621839.999999983,16596100.399999984,2.6193447411060333e-10,1.5758452380157867e-15
2016,1900,Procuraduría para la Defensa de los Derechos Human,10017210.0,10017209.999999987,9781012.369999986,6.289155862759799e-10,6.278350820996863e-15
2016,0200,Corte de Cuentas de la República,38785170.0,38785170.000000015,37569716.89999997,7.275957614183426e-10,1.875963832099595e-15
2016,0100,Organo Legislativo,59000000.0,59709528.44999995,57076858.80999992,709528.4500000007,1.2025905932203402
2016,2300,Ramo de Gobernación y Desarrollo Territorial,21955699.99999993,23780699.999999985,22613410.469999973,1824999.9999999963,8.312192278087249
2016,0800,Ramo de Relaciones Exteriores,44847340.0,46869792.00000008,46005956.480000064,2022451.9999999958,4.509636468963367
2016,4400,Ramo de Medio Ambiente y Recursos Naturales,22130765.000000004,24947100.000000015,24217800.47000001,2816334.999999999,12.725881821075768
2016,1700,Fiscalía General de la República,62682365.00000002,65861094.00000002,47739161.35000004,3178728.9999999977,5.0711695386732725
2016,3200,Ramo de Salud,627811389.9999999,632257326.5600007,612123096.9200011,4445936.560000014,0.7081643676455144
2016,3100,Ramo de Educación,942206294.0,949348638.999999,943052416.2499988,7142345.00000001,0.7580447132950282
2016,0900,Ramo de la Defensa Nacional,146139840.0,154062840.0000001,153903817.90000004,7923000.000000013,5.421519552779046
2016,4200,Ramo de Agricultura y Ganadería,73799920.0,87114534.00000004,77381598.56999995,13314613.999999998,18.041501942007525
2016,2400,Ramo de Justicia y Seguridad Pública,443342155.0000005,462311555.0,435803989.86999995,18969400.000000037,4.278726889844259
2016,4300,Ramo de Obras Públicas y de Transporte,200238852.0,226990268.0000001,199613135.79999992,26751415.999999985,13.359752981404421
2016,0700,Ramo de Hacienda,1582175845.0,1619850719.9999993,1596959483.689999,37674875.000000015,2.3812065592494247
2017,4600,Ramo de Turismo,26775523.0,23603300.999999996,19789353.639999997,-3172222.000000001,-11.847469795454606
2017,3200,Ramo de Salud,629822596.9999998,627452646.0000008,618551552.5300002,-2369950.9999999763,-0.3762886583124576
2017,1600,Organo Judicial,265123185.99999994,263174118.0000001,246835809.59999982,-1949067.9999999963,-0.7351556193202946
2017,2300,Ramo de Gobernación y Desarrollo Territorial,29023693.99999995,27751471.999999993,26904193.06,-1272222.0000000026,-4.383391032168423
2017,4400,Ramo de Medio Ambiente y Recursos Naturales,23327375.999999993,22055154.0,20973758.570000015,-1272221.9999999995,-5.453772426011396
2017,0200,Corte de Cuentas de la República,39899194.99999999,39327981.0,37697489.07000002,-571214.0000000007,-1.431642919111528
2017,1500,Consejo Nacional de la Judicatura,5989854.999999997,5757732.999999995,5754625.029999994,-232122.0000000005,-3.875252405943059
2017,0800,Ramo de Relaciones Exteriores,43130878.00000009,43049798.999999925,42388525.38999993,-81079.0000000001,-0.1879836529179859
2017,0300,Tribunal Supremo Electoral,16595594.999999994,16595595.000000004,16566370.370000007,-2.3283064365386963e-10,-1.4029665321060782e-15
2017,0400,Tribunal de Servicio Civil,797804.9999999992,797804.9999999988,791771.5599999989,-3.54702933691442e-11,-4.445985343429063e-15
2017,0600,Tribunal de Etica Gubernamental,2248004.999999999,2248004.999999999,2167452.009999998,1.318767317570746e-11,5.866389610213263e-16
2017,0100,Organo Legislativo,58245099.99999993,58245100.00000016,54628019.37000012,1.3969838619232178e-09,2.3984573155908726e-15
2017,1900,Procuraduría para la Defensa de los Derechos Human,9441563.999999985,9674926.000000006,9618911.480000008,233362.0,2.4716455875319
2017,3300,Ramo de Trabajo y Previsión Social,13132302.000000004,13390915.999999976,13228614.419999976,258614.00000000035,1.9692967767570397
2017,1800,Procuraduría General de la República,25751841.999999985,26184260.000000026,26133812.230000008,432418.0000000006,1.6791730859485734
2017,0500,Presidencia de la República,91693726.75999999,103803960.99999999,96988692.37999979,12110234.23999999,13.207265827134968
2017,4200,Ramo de Agricultura y Ganadería,66999588.99999998,82839724.00000001,76384930.17000006,15840134.999999993,23.64213756594835
2017,1700,Fiscalía General de la República,69386359.99999999,85787496.99999991,63780513.88999991,16401136.999999987,23.637407986238205
2017,3100,Ramo de Educación,944357586.0000007,966132884.9999998,955376713.5099996,21775298.999999996,2.305831956328456
2017,0900,Ramo de la Defensa Nacional,141346109.99999985,164271388.00000006,164227774.7500001,22925278.000000022,16.219249330597105
2017,4300,Ramo de Obras Públicas y de Transporte,238025508.99999994,282531706.0000002,253808401.75000006,44506197.00000004,18.69807870046401
2017,2400,Ramo de Justicia y Seguridad Pública,433917871.0000006,493773874.9999999,461780700.88999987,59856004.000000045,13.794316390347511
2017,4100,Ramo de Economía,86292260.0,153392088.0000001,148754242.82000002,67099828.0,77.75880246965372
2017,0700,Ramo de Hacienda,1663013593.9999993,1845326236.9999995,1827393382.5099998,182312643.0,10.962787295171086
2018,0700,Ramo de Hacienda,2139410566.0,2030469344.9999986,2018199452.5199988,-108941221.00000001,-5.092113815427422
2018,0500,Presidencia de la República,103217851.9999999,88083556.22999996,85080646.10999997,-15134295.770000039,-14.662478899483448
2018,1600,Organo Judicial,267655650.00000003,266686829.00000015,253731626.81000033,-968820.9999999964,-0.3619654582296306
2018,0100,Organo Legislativo,58300000.0,58300000.00000005,58240780.79000006,-9.546056389808655e-09,-1.6374024682347608e-14
2018,3300,Ramo de Trabajo y Previsión Social,14990805.0,14990804.999999981,14641096.749999985,-6.984919309616089e-10,-4.6594691276526435e-15
2018,4600,Ramo de Turismo,27659465.0,27659464.999999996,21478108.21,-4.656612873077393e-10,-1.683551317090693e-15
2018,4400,Ramo de Medio Ambiente y Recursos Naturales,13361787.000000007,13361786.999999993,12532103.83999998,-3.092281986027956e-10,-2.3142727735653578e-15
2018,0200,Corte de Cuentas de la República,40899195.0,40899195.0,38043988.98,-1.8917489796876907e-10,-4.625394166529905e-16
2018,1500,Consejo Nacional de la Judicatura,6504275.0,6504275.000000004,6254280.750000007,-1.8053469830192626e-10,-2.775631385541452e-15
2018,0600,Tribunal de Etica Gubernamental,2761566.0,2761566.0000000005,2529474.9800000004,-1.2732925824820995e-11,-4.610762815308776e-16
2018,0400,Tribunal de Servicio Civil,800994.9999999987,800994.9999999991,795184.79,-6.252776074688882e-12,-7.806261056172501e-16
2018,1900,Procuraduría para la Defensa de los Derechos Human,9475398.999999998,9775399.0,9556114.559999999,299999.99999999977,3.1660935861381647
2018,2300,Ramo de Gobernación y Desarrollo Territorial,38441218.99999977,40124109.000000015,38948415.930000015,1682889.9999999972,4.377826832182422
2018,1800,Procuraduría General de la República,26953637.0,29045516.99999996,29036602.04999996,2091880.0000000026,7.761030542928224
2018,0300,Tribunal Supremo Electoral,16657755.0,20161531.99999999,19721721.01999999,3503777.0000000005,21.033908831051967
2018,0800,Ramo de Relaciones Exteriores,41904720.0,45805399.999999896,45730044.779999845,3900679.9999999916,9.308450217541106
2018,1700,Fiscalía General de la República,76192510.0,82339980.0,60282611.41,6147470.000000011,8.068339000775811
2018,3500,Ramo de Cultura,0.0,6450345.000000001,6268000.530000001,6450345.000000001,inf
2018,4200,Ramo de Agricultura y Ganadería,74184254.0,81355745.99999993,75235711.04999983,7171492.000000005,9.667135023019851
2018,3200,Ramo de Salud,622435109.0000002,632332230.0000007,613219818.9499999,9897120.999999907,1.5900647082553794
2018,4300,Ramo de Obras Públicas y de Transporte,277549396.0,299171712.00000036,280600516.77000046,21622315.999999985,7.790438859394955
2018,4100,Ramo de Economía,84332004.0,117487719.99999997,114657324.54999994,33155716.000000015,39.315697988156444
2018,0900,Ramo de la Defensa Nacional,141172347.0,174738701.99999994,174712345.49999997,33566355.00000002,23.77686261743599
2018,3100,Ramo de Educación,940427824.0,984738198.2300013,982438727.2199999,44310374.22999994,4.711725142449628
2018,2400,Ramo de Justicia y Seguridad Pública,416636925.0,500942272.00000024,483715871.6700002,84305346.99999984,20.234727634858537
2019,0700,Ramo de Hacienda,3098282642.0,2970589002.000001,2922560121.0100007,-127693640.0,-4.121432895404641
2019,1600,Organo Judicial,285635365.0,285591999.9999999,260637298.44,-43365.00000000262,-0.015181943594415426
2019,4600,Ramo de Turismo,29793070.99999999,29793070.999999993,20002867.59,-5.602487362921238e-10,-1.8804665564423483e-15
2019,4400,Ramo de Medio Ambiente y Recursos Naturales,18933866.999999978,18933866.999999978,14977394.359999985,-1.1641532182693481e-10,-6.148523269279062e-16
2019,1500,Consejo Nacional de la Judicatura,6505525.0,6505525.000000008,6403399.050000008,-5.820766091346741e-11,-8.947419449386085e-16
2019,1900,Procuraduría para la Defensa de los Derechos Human,10187404.000000006,10187404.00000001,9760845.43000001,-2.864908310584724e-11,-2.812206437071429e-16
2019,0600,Tribunal de Etica Gubernamental,2762066.0,2762066.0,2579426.97,1.546140993013978e-11,5.597769904897197e-16
2019,0200,Corte de Cuentas de la República,43433920.0,43433919.99999999,39740485.98000001,1.6370904631912708e-10,3.7691519973128626e-16
2019,3500,Ramo de Cultura,21549959.999999996,21549959.99999997,20122164.259999968,3.019522409886122e-10,1.4011730926118294e-15
2019,0400,Tribunal de Servicio Civil,801269.9999999992,941269.999999998,937681.5699999983,139999.9999999999,17.47226278283226
2019,1800,Procuraduría General de la República,29704377.0,29944377.000000022,29943478.90000003,240000.0000000006,0.8079617357401592
2019,0300,Tribunal Supremo Electoral,18270639.999999996,18770639.999999985,18532538.559999987,499999.9999999999,2.7366310101890243
2019,0800,Ramo de Relaciones Exteriores,45010670.0,46033122.00000007,45416814.940000065,1022451.9999999977,2.2715769394234693
2019,3300,Ramo de Trabajo y Previsión Social,16396800.0,17896799.999999993,17691131.549999997,1499999.9999999958,9.148126463700208
2019,0100,Organo Legislativo,58300000.00000003,59799999.99999991,58942585.93999992,1499999.999999999,2.5728987993138905
2019,0500,Presidencia de la República,74030903.0,77132371.99999993,67723326.39000005,3101468.9999999995,4.189424786565145
2019,4300,Ramo de Obras Públicas y de Transporte,357203365.0,362849245.0000002,265162862.85,5645879.999999999,1.5805786152098538
2019,4200,Ramo de Agricultura y Ganadería,66577685.0,74937420.9999998,73455051.71999983,8359736.000000011,12.556363291994924
2019,4100,Ramo de Economía,124062784.0,132805620.00000003,126283894.86999999,8742835.999999996,7.047106084609545
2019,1700,Fiscalía General de la República,78430215.0,91367376.99999999,68817248.91,12937162.000000007,16.495124997426068
2019,3200,Ramo de Salud,668193531.0,681734156.0000005,654175489.6400013,13540625.000000075,2.0264525727651908
2019,2300,Ramo de Gobernación y Desarrollo Territorial,57385766.99999979,76507744.99999985,73958249.66999993,19121978.000000004,33.321813055143224
2019,3100,Ramo de Educación,997158780.0,1022315973.999999,1003124834.8299992,25157194.000000004,2.52288747836127
2019,0900,Ramo de la Defensa Nacional,145196252.0,195577580.00000003,193718175.55000016,50381327.99999998,34.69877996575282
2019,2400,Ramo de Justicia y Seguridad Pública,426643612.0,519065119.00000024,474315854.6000004,92421506.99999996,21.66246122067801
2020,3100,Ramo de Educación,1039190105.0,1034251872.1400005,991158027.8400011,-4938232.8599999845,-0.47520014251867654
2020,0500,Presidencia de la República,75870903.0,75222781.69000009,58552994.139999956,-648121.3100000189,-0.8542422514728986
2020,4400,Ramo de Medio Ambiente y Recursos Naturales,14893597.000000007,14354502.730000012,12172255.410000004,-539094.2700000022,-3.619637821541713
2020,0400,Tribunal de Servicio Civil,1001270.0,1066156.6700000004,967427.15,64886.670000000035,6.480436845206591
2020,0600,Tribunal de Etica Gubernamental,2758716.0,2847025.740000001,2346735.57,88309.73999999996,3.2011174763911896
2020,1900,Procuraduría para la Defensa de los Derechos Human,10680304.0,10897462.349999998,10159325.03,217158.35000000003,2.0332600083293513
2020,3500,Ramo de Cultura,23387375.0,23741675.720000017,20179057.590000007,354300.7199999995,1.514922987295494
2020,1500,Consejo Nacional de la Judicatura,6505525.0,6998992.1099999985,5930580.920000005,493467.10999999987,7.5853541412875956
2020,0300,Tribunal Supremo Electoral,18325954.999999996,18847785.829999994,16970567.879999984,521830.8300000004,2.847495969514279
2020,0200,Corte de Cuentas de la República,44272575.0,44911842.09,33811891.61999999,639267.0900000001,1.4439347383792338
2020,1700,Fiscalía General de la República,91520453.99999997,92206381.65000002,66416511.97999999,685927.650000017,0.7494801653846879
2020,3300,Ramo de Trabajo y Previsión Social,17996800.0,18961473.47000001,17116222.999999996,964673.4700000004,5.360249988886916
2020,1800,Procuraduría General de la República,34268825.0,35277550.92,31795059.500000007,1008725.9199999995,2.9435672801737423
2020,3700,Ramo de Desarrollo Local,13258470.0,14478533.999999998,6414766.649999999,1220064.0,9.202147759130579
2020,4600,Ramo de Turismo,28393770.0,30752988.369999986,16283210.869999992,2359218.3699999996,8.30892963491639
2020,0800,Ramo de Relaciones Exteriores,44899545.0,47340582.55999997,39180208.860000014,2441037.5600000005,5.436664358180023
2020,0900,Ramo de la Defensa Nacional,220353129.0,224619472.19000039,224075679.40000048,4266343.189999998,1.936139145997785
2020,3600,Ramo de Vivienda,12528590.0,16864487.849999998,4872700.0299999975,4335897.85,34.608027319913894
2020,0100,Organo Legislativo,58283330.0,62693224.85999992,57830330.20999996,4409894.860000003,7.566305597157889
2020,4100,Ramo de Economía,111718832.99999999,117141701.40000014,103548033.06,5422868.399999991,4.854032444109036
2020,1600,Organo Judicial,302221865.0,310761189.9299994,261195759.74000034,8539324.93000001,2.8255152650851425
2020,4200,Ramo de Agricultura y Ganadería,65645631.680000015,101393126.07000013,96900877.91000015,35747494.390000045,54.45525235290118
2020,4300,Ramo de Obras Públicas y de Transporte,364073804.0,402302236.61999965,248923969.17999983,38228432.62000001,10.500187654259248
2020,2400,Ramo de Justicia y Seguridad Pública,554675920.0,611373597.870001,534687439.9299988,56697677.870000005,10.221766589398726
2020,2300,Ramo de Gobernación y Desarrollo Territorial,67172549.0,141261966.37,128169043.21000005,74089417.36999997,110.2971652452849
2020,3200,Ramo de Salud,757660194.0000002,872205665.9400008,716832796.3700007,114545471.94,15.118317267701139
2020,0700,Ramo de Hacienda,2279846325.0,3810331821.309993,3709039726.639999,1530485496.3099961,67.13108157893038
2021,3200,Ramo de Salud,324983616.64,220119223.45999998,183831242.03999987,-104864393.17999992,-32.26759375263008
2021,3100,Ramo de Educación,324672771.0,266632070.34999993,255526305.99999988,-58040700.650000006,-17.876676405980472
2021,2300,Ramo de Gobernación y Desarrollo Territorial,46314606.11,32902738.29,32612131.419999976,-13411867.82,-28.958181762673313
2021,2400,Ramo de Justicia y Seguridad Pública,161896928.0,148907668.06000003,129506896.19000004,-12989259.94,-8.023166406221122
2021,4100,Ramo de Economía,34922418.0,33385651.490000006,31535833.030000016,-1536766.5099999947,-4.400515766119043
2021,1700,Fiscalía General de la República,18051311.149999987,16613353.590000004,15775011.900000013,-1437957.560000001,-7.965945232737302
2021,4200,Ramo de Agricultura y Ganadería,10175309.23,8775912.58,8253336.5299999975,-1399396.6500000004,-13.752866064002658
2021,3600,Ramo de Vivienda,2917261.0,1582289.4099999997,1275346.5599999998,-1334971.5900000012,-45.761129703513035
2021,1800,Procuraduría General de la República,10049304.0,8785848.03,8015124.659999998,-1263455.9699999997,-12.57257189154592
2021,3700,Ramo de Desarrollo Local,2345413.0,1164364.88,1001469.7899999999,-1181048.1200000006,-50.35565676492799
2021,1600,Organo Judicial,62669700.0,61772306.57000001,54168742.030000016,-897393.4300000031,-1.4319414804921726
2021,4600,Ramo de Turismo,5408661.500000001,4596408.670000002,3150200.92,-812252.8300000009,-15.017631071938977
2021,3300,Ramo de Trabajo y Previsión Social,4979718.3100000005,4364936.1499999985,4004913.329999998,-614782.1599999998,-12.345721619743582
2021,0300,Tribunal Supremo Electoral,4328372.7299999995,3731801.5500000003,3567947.0700000008,-596571.18,-13.782805160589765
2021,4400,Ramo de Medio Ambiente y Recursos Naturales,3200557.149999999,2875541.2300000004,2596560.26,-325015.92000000004,-10.15497942287955
2021,1900,Procuraduría para la Defensa de los Derechos Human,2463197.6,2270162.1200000006,2141224.0199999986,-193035.48,-7.836784186538669
2021,1500,Consejo Nacional de la Judicatura,1496247.6400000001,1384405.5999999996,1249680.379999999,-111842.04000000002,-7.474834847525642
2021,0400,Tribunal de Servicio Civil,256740.5,255884.62999999986,232706.01999999987,-855.8700000000005,-0.33335994905361654
2021,0600,Tribunal de Etica Gubernamental,553467.0,589722.92,544768.12,36255.920000000006,6.550692272529347
2021,0200,Corte de Cuentas de la República,14105921.0,14843753.110000001,7850106.570000001,737832.1099999999,5.230655339697421
2021,3500,Ramo de Cultura,5162552.0,5944590.93,5431049.08,782038.9299999991,15.148301266505385
2021,0100,Organo Legislativo,13102716.209999999,13916488.849999998,12518815.519999996,813772.6399999999,6.2107171288570555
2021,0800,Ramo de Relaciones Exteriores,12614476.0,16354810.080000008,14319235.580000006,3740334.080000002,29.6511252627537
2021,0500,Presidencia de la República,14442577.100000003,18871810.78999999,18693608.959999993,4429233.690000002,30.66789022022947
2021,0900,Ramo de la Defensa Nacional,52791710.0,62591429.50000001,62549493.34000001,9799719.5,18.562989340561238
2021,4300,Ramo de Obras Públicas y de Transporte,67933320.0,88282369.55000007,72987724.57000004,20349049.550000016,29.954445844837284
2021,0700,Ramo de Hacienda,874585134.0,994844912.8300002,980711650.6600019,120259778.8299998,13.750494280640243
