"code","funding","fundpop","fundeq","fundpov","fundter","pop","popurb","cases","shp2","dep","mun","area","party","trfpop","dens","infpop","quintile","grp","agr"
1101,1613646.1,580565.980549469,182919.845496183,738633.42439481,111526.841534688,110511,57.9,1007,1,"Ahuachapán","Ahuachapán",244.84,"PCN",14.6016785659346,0.451360071883679,9.11221507361258,5,2,3
1108,544869.55,263245.166098665,182919.845496183,78147.4021743475,20557.1238194758,8383,35.1,63,2,"Ahuachapán","Apaneca",45.13,"ARENA",64.9969640939998,0.185752271216486,7.51520935226053,3,2,3
1102,1183131.28,766651.438486879,182919.845496183,203204.859322107,30355.1273904248,33587,62.1,341,3,"Ahuachapán","Atiquizaya",66.64,"ARENA",35.225869532855,0.504006602641056,10.152737666359,5,3,2
1105,755903.98,425020.355196486,182919.845496183,120164.062952622,27799.7197784757,12786,46.2,75,4,"Ahuachapán","Concepción de Ataco",61.03,"ARENA",59.1196605662443,0.209503522857611,5.86579070858752,4,2,3
1112,398106.04,173402.141926927,182919.845496183,36768.8964147506,5015.15076783578,8171,77.3,81,5,"Ahuachapán","El Refugio",11.01,"PCN",48.7218259698935,0.742143505903724,9.91310733080406,2,3,2
1107,988385.6,528837.453831836,182919.845496183,249192.984426551,27435.3104220481,19037,6.9,76,6,"Ahuachapán","Guaymango",60.23,"FMLN",51.9191889478384,0.31607172505396,3.99222566580869,4,2,3
1106,1385880.52,733010.40469796,182919.845496183,349718.639592207,120231.627036354,28599,24.2,58,7,"Ahuachapán","Jujutla",263.95,"ARENA",48.4590552117207,0.108350066300436,2.02804293856429,5,2,3
1103,1624160.84,866029.042626861,182919.845496183,472207.677308135,103004.270711236,42607,29.1,95,8,"Ahuachapán","San Francisco Menéndez",226.13,"PCN-PDC",38.119577534208,0.18841816654137,2.2296805689206,5,2,3
1110,520469.4,243306.463414805,182919.845496183,72228.3704999808,22014.7512451865,9194,12.3,47,9,"Ahuachapán","San Lorenzo",48.33,"FPS",56.6096802262345,0.190233809228223,5.11202958451164,2,2,3
1109,496045.4,226900.34439214,182919.845496183,67358.0235515666,18867.1884290425,7773,24.3,31,10,"Ahuachapán","San Pedro Puxtla",41.12,"ARENA",63.8164672584588,0.189032101167315,3.98816415798276,2,2,3
1104,1083864.77,563691.120983299,182919.845496183,268936.553401695,68317.2500962771,29858,16.4,99,11,"Ahuachapán","Tacuba",149.98,"PCN",36.3006487373568,0.199079877316976,3.31569428628843,5,2,3
1111,417766.01,185902.036420386,182919.845496183,39419.4197880372,9524.69655362818,8997,71.2,126,12,"Ahuachapán","Turín",20.91,"PCN",46.4339235300656,0.430272596843615,14.0046682227409,2,3,2
1408,225578.24,19497.1234762108,182919.845496183,7441.65353608625,15719.6156128985,1467,30.9,7,13,"Cabañas","Cinquera",34.51,"FMLN",153.768398091343,0.042509417560128,4.77164280845263,1,5,5
1409,370542.5,132947.300672281,182919.845496183,45105.1018393211,9570.24772318164,5550,43.6,21,15,"Cabañas","Guacotecti",21.01,"GANA",66.7644144144144,0.264159923845788,3.78378378378378,1,2,3
1402,1745097.37,908841.192266959,182919.845496183,539600.266729788,113736.068258031,61510,38.7,250,16,"Cabañas","Ilobasco",249.69,"ARENA",28.3709538286457,0.246345468380792,4.06437977564624,5,2,3
1405,540029.16,243815.970962093,182919.845496183,82719.5684932669,30573.7690042814,6584,9.5,14,17,"Cabañas","Jutiapa",67.12,"ARENA",82.021439854192,0.098092967818832,2.12636695018226,3,4,4
1404,774575.26,384540.209848021,182919.845496183,152407.025992512,54708.1721112241,7796,19.9,34,18,"Cabañas","San Isidro",78.33,"PCN",99.355472036942,0.09952763947402,4.36121087737301,4,4,4
1401,1647181.02,930226.893585116,182919.845496183,394498.182821548,139536.09869311,40332,38.2,252,19,"Cabañas","Sensuntepeque",306.33,"ARENA",40.8405489437667,0.131661933209284,6.24814043439453,5,2,3
1406,437345.7,172790.726870182,182919.845496183,58622.7970430829,23012.3148584072,7114,38.6,39,20,"Cabañas","Tejutepeque",50.52,"ARENA",61.4767641270734,0.140815518606492,5.4821478774248,2,2,3
1407,524938.57,192491.655365308,182919.845496183,81633.4307413875,67893.6332194299,6347,22.3,16,14,"Cabañas","Villa Dolores",149.05,"FMLN",82.706565306444,0.042583025830258,2.52087600441153,2,4,4
1403,729814.73,362050.244943649,182919.845496183,136935.72222765,47908.9186588073,12626,10.4,52,21,"Cabañas","Villa Victoria",146.95,"ARENA",57.8025289086013,0.085920381082001,4.11848566450182,4,2,3
910,656936.4,287361.816670285,182919.845496183,97493.3936434993,89161.3472839397,8261,24,34,22,"Chalatenango","Agua Caliente",195.74,"PCN",79.5226243796151,0.042203944007357,4.11572448856071,3,2,3
906,321821.03,76154.2787346074,182919.845496183,32296.1269723294,30450.781846487,2946,32.2,22,23,"Chalatenango","Arcatao",66.85,"FMLN",109.239996605567,0.044068810770382,7.46775288526816,1,5,5
932,250880.75,52309.3615215412,182919.845496183,11091.8899860364,4559.6490723012,1136,46.4,10,24,"Chalatenango","Azacualpa",10.01,"FMLN",220.845730633803,0.113486513486513,8.80281690140845,1,5,5
901,1241516.39,789341.473926093,182919.845496183,209218.967139212,60036.1014714583,29271,58,721,25,"Chalatenango","Chalatenango",131.8,"ARENA",42.414553312152,0.222086494688923,24.6318882170066,5,1,1
909,431481.3,163789.446868099,182919.845496183,48622.8091206069,36149.2001576247,4164,32.9,35,26,"Chalatenango","Citalá",79.36,"ARENA",103.621829971182,0.052469758064516,8.40537944284342,2,5,5
914,382416.94,143918.682523877,182919.845496183,42723.9475371239,12854.464047986,2996,26.2,19,27,"Chalatenango","Comalapa",28.22,"ARENA",127.642503337784,0.106165839829908,6.34178905206943,2,5,5
911,475083.18,213823.004011754,182919.845496183,54407.878048389,23932.4524833871,6457,46.4,43,28,"Chalatenango","Concepción Quezaltepeque",52.54,"ARENA",73.5764565587734,0.122896840502474,6.65943936812761,2,2,3
908,449946.31,186921.051514962,182919.845496183,55489.6950665076,24615.710026689,5051,41.7,51,29,"Chalatenango","Dulce Nombre de María",54.04,"PCN",89.0806394773312,0.093467801628423,10.0970104929717,2,5,5
930,315900.99,93647.3411914864,182919.845496183,27800.310283184,11533.4901309357,2464,15,11,30,"Chalatenango","El Carrizal",25.32,"FMLN",128.206570616883,0.097314375987362,4.46428571428571,1,4,4
925,631876.77,338957.875625623,182919.845496183,86248.8043979149,23750.2478051733,10483,27.2,72,31,"Chalatenango","El Paraíso",52.14,"GANA",60.2763302489745,0.201054852320675,6.86826290184108,3,2,3
922,396080.68,155297.664413303,182919.845496183,46101.9277601441,11761.245978703,3923,11,19,33,"Chalatenango","La Laguna",25.82,"ARENA",100.963721641601,0.151936483346243,4.84323222023961,2,4,4
903,676919.59,325024.558165794,182919.845496183,107208.153137763,61767.0359144897,12235,23.8,51,34,"Chalatenango","La Palma",135.6,"FMLN",55.3264887617491,0.090228613569322,4.1683694319575,3,2,3
905,580057.06,259338.941569459,182919.845496183,76987.8019485346,60810.4613538671,9525,21.4,49,35,"Chalatenango","La Reina",133.5,"ARENA-PCN",60.8983790026247,0.071348314606742,5.14435695538058,3,2,3
913,248505.18,35325.8066119499,182919.845496183,13483.1293336754,16776.3967465388,940,32,5,36,"Chalatenango","Las Vueltas",36.83,"FMLN",264.367212765957,0.025522671734999,5.31914893617021,1,5,5
918,405066.44,147451.256185072,182919.845496183,56279.0957668126,18416.2288504633,4484,18.2,8,37,"Chalatenango","Nombre de Jesús",40.43,"FMLN",90.3359589652096,0.110907741775909,1.78412132024978,2,4,4
902,1357469.72,742412.50690391,182919.845496183,314848.328876365,117289.0394832,28625,34.4,283,38,"Chalatenango","Nueva Concepción",257.49,"ARENA",47.4225229694323,0.111169365800614,9.88646288209607,5,3,2
912,258839.76,39673.5903488053,182919.845496183,15142.5910978201,21103.7378541173,1673,13.2,5,39,"Chalatenango","Nueva Trinidad",46.33,"FMLN",154.715935445308,0.036110511547593,2.98864315600717,1,5,5
917,347469.85,107845.604175905,182919.845496183,41162.4390715572,15541.97305164,3667,21.8,18,40,"Chalatenango","Ojos de Agua",34.12,"GANA",94.7558903736024,0.107473622508792,4.90864466866649,1,4,4
919,269794.34,53735.9766539469,182919.845496183,15952.1518890087,17186.3572725199,1586,48.4,18,41,"Chalatenango","Potonico",37.73,"ARENA",170.109924337957,0.042035515504903,11.3493064312736,1,5,5
924,277808.11,60427.5031083258,182919.845496183,23063.9260813544,11396.8366222753,1854,7,1,42,"Chalatenango","San Antonio de la Cruz",25.05,"ARENA",149.842562028047,0.074011976047904,0.539374325782093,1,5,5
929,237897.81,35020.0940835773,182919.845496183,14851.6083579267,5106.2531069427,1619,38.2,18,43,"Chalatenango","San Antonio Los Ranchos",11.21,"GANA",146.94120444719,0.144424620874219,11.1179740580605,1,5,5
931,285405.9,61548.4157123589,182919.845496183,20881.5655321537,20056.0609543878,2593,24.3,11,44,"Chalatenango","San Fernando",44.03,"FMLN-GANA",110.067836482838,0.058891664774018,4.2421905129194,1,4,4
933,227093.73,31215.7770638288,182919.845496183,7942.94865233829,5015.15076783578,862,69.4,10,45,"Chalatenango","San Francisco Lempa",11.01,"FMLN",263.449802784223,0.078292461398729,11.6009280742459,1,5,5
920,330856.02,77411.0580179171,182919.845496183,26263.2926422618,44261.8204550956,3919,18,5,46,"Chalatenango","San Francisco Morazán",97.17,"FMLN",84.423582546568,0.040331377997324,1.2758356723654,1,4,4
907,512840.31,222824.294013838,182919.845496183,75597.7092554794,31498.4587462166,8611,14.3,44,47,"Chalatenango","San Ignacio",69.15,"FMLN",59.5564173731274,0.124526391901663,5.10974335152712,2,2,3
923,201453.05,4110.01954812109,182919.845496183,1568.70635516801,12854.464047986,2592,38.1,2,48,"Chalatenango","San Isidro Labrador",28.22,"FMLN",77.7210841049383,0.091849751948972,0.771604938271605,1,4,4
928,268794.43,50475.1363513053,182919.845496183,19265.311105617,16134.128255835,1751,38.1,1,49,"Chalatenango","San José Cancasque",35.42,"FMLN",153.509097658481,0.049435347261434,0.571102227298686,1,5,5
916,262645.13,50611.0030305821,182919.845496183,17170.8188095525,11943.4506569168,1583,37,3,50,"Chalatenango","San José Las Flores",26.22,"FMLN",165.916064434618,0.060373760488177,1.89513581806696,1,5,5
927,252667.79,46297.1784635459,182919.845496183,13743.8569372433,9706.90123184201,1173,23.4,3,51,"Chalatenango","San Luis del Carmen",21.31,"FMLN",215.403060528559,0.055044580009385,2.55754475703325,1,5,5
926,285765.15,74863.5302814784,182919.845496183,19049.2444175774,8932.53134943322,2487,41.3,43,52,"Chalatenango","San Miguel de Mercedes",19.61,"PCN",114.903558504222,0.126823049464559,17.2899075190993,1,5,5
915,377715.15,146670.01527923,182919.845496183,37320.6067582119,10804.6714180804,4264,39.1,46,53,"Chalatenango","San Rafael",23.72,"ARENA",88.5823522514071,0.179763912310287,10.7879924953096,1,5,5
921,405705.95,153123.767544875,182919.845496183,45456.5848518656,24205.7495007079,5985,6.7,37,54,"Chalatenango","Santa Rita",53.14,"ARENA",67.7871261487051,0.112627022958224,6.18212197159566,2,2,3
904,756842.33,394755.654887594,182919.845496183,130208.701790626,48958.1130360572,13608,39.9,64,55,"Chalatenango","Tejutla",107.48,"GANA",55.6174551734274,0.126609601786379,4.70311581422693,4,2,3
1007,624034.7,327239.212038005,182919.845496183,97144.7877867953,16730.8455769853,10090,35.7,54,56,"Cuscatlán","Candelaria",36.73,"PCN",61.8468483647175,0.274707323713586,5.35183349851338,3,2,3
1001,1389351.14,929360.729754727,182919.845496183,262753.90696792,14316.653590652,50315,81.6,569,57,"Cuscatlán","Cojutepeque",31.43,"PCN",27.613060518732,1.60085905186128,11.3087548444798,5,3,2
1008,727969.83,380784.979340965,182919.845496183,161486.389173328,2778.60134276097,13345,15.5,61,58,"Cuscatlán","El Carmen",6.1,"ARENA",54.5500059947546,2.18770491803279,4.57100037467216,4,2,3
1014,356754.6,124965.025764773,182919.845496183,42396.9453492239,6472.78819354646,4220,10.1,5,59,"Cuscatlán","El Rosario",14.21,"ARENA",84.5390047393365,0.296973961998593,1.18483412322275,1,4,4
1009,582278.66,280262.690178076,182919.845496183,106970.472780919,12125.6553351307,10224,15.7,69,60,"Cuscatlán","Monte San Juan",26.62,"ARENA",56.9521381064163,0.384072126220887,6.74882629107981,3,2,3
1015,301720.9,80434.1341318244,182919.845496183,27288.9301214901,11077.9784354011,3578,24,6,61,"Cuscatlán","Oratorio de Concepción",24.32,"PCN",84.3266908887647,0.147121710526316,1.67691447736165,1,4,4
1012,421465.01,192185.952836935,182919.845496183,40751.8893642819,5607.31597203074,8058,58.1,53,62,"Cuscatlán","San Bartolomé Perulapía",12.31,"ARENA",52.3039228096302,0.654589764419171,6.57731447009183,2,2,3
1010,515571.19,242185.550810772,182919.845496183,82166.4145718854,8299.37709264014,8316,10.4,36,63,"Cuscatlán","San Cristóbal",18.22,"ARENA",61.9974975949976,0.45642151481888,4.32900432900433,2,2,3
1004,653433.15,336783.978757195,182919.845496183,114260.870635378,19468.4578671482,9300,30.9,51,64,"Cuscatlán","San José Guayabal",42.74,"ARENA",70.2616290322581,0.217594759007955,5.48387096774194,3,2,3
1003,1232094.24,707793.215024199,182919.845496183,300166.702713029,41214.4642119693,44730,33.5,194,65,"Cuscatlán","San Pedro Perulapán",90.48,"ARENA-PCN",27.5451428571429,0.494363395225464,4.3371339145987,5,2,3
1006,639499.73,358743.717045297,182919.845496183,84521.6444715178,13314.5278604759,17069,31.4,92,66,"Cuscatlán","San Rafael Cedros",29.23,"ARENA",37.4655650594645,0.583954840916866,5.38988810123616,3,2,3
1013,394118.53,157335.694602454,182919.845496183,46706.9404866552,7156.04573684833,6292,20,35,67,"Cuscatlán","San Ramón",15.71,"PCN",62.6380371900827,0.400509229789943,5.56261919898284,2,2,3
1016,288338.45,77139.3246593637,182919.845496183,22899.7081984443,5379.56012426345,2585,69.9,17,68,"Cuscatlán","Santa Cruz Analquito",11.81,"PCN",111.542920696325,0.218882303132938,6.57640232108317,1,5,5
1011,633912.68,337701.086342313,182919.845496183,100250.511782886,13041.2208431552,11790,56.5,67,69,"Cuscatlán","Santa Cruz Michapa",28.63,"ARENA",53.7669787955895,0.411805798113867,5.68278201865988,3,2,3
1002,896258.51,423400.121796111,182919.845496183,139656.97936964,150281.56259077,24786,30.9,114,70,"Cuscatlán","Suchitoto",329.32,"FMLN",36.1598688775922,0.075264180736062,4.59937061244251,4,2,3
1005,450666.08,181146.642645701,182919.845496183,69139.9294389338,17459.6642898407,6782,13.5,18,71,"Cuscatlán","Tenancingo",38.33,"FMLN",66.4503214391035,0.176937124967388,2.65408434090239,2,2,3
407,998309.72,765944.92375464,182919.845496183,40603.5208384946,8841.4290103263,33698,100,869,72,"La Libertad","Antiguo Cuscatlán",19.41,"ARENA",29.6251919995252,1.73611540443071,25.787880586385,4,1,1
414,705311.41,335907.628175861,182919.845496183,142454.437690794,44029.512490373,10897,7.1,35,73,"La Libertad","Chiltiupán",96.66,"ARENA",64.7252831054419,0.112735361059383,3.21189318160962,4,2,3
403,1512626.68,946228.801486933,182919.845496183,343958.061489069,39519.9667045806,60314,68.8,230,74,"La Libertad","Ciudad Arce",86.76,"ARENA",25.0791968697152,0.695182111572153,3.81337666213483,5,2,3
405,1659890.46,1010250.02876213,182919.845496183,428435.045045059,38285.5430096819,96989,94,1051,75,"La Libertad","Colón",84.05,"ARENA",17.1142135706111,1.15394408090422,10.8362804029323,5,3,2
408,674714.55,332330.888593901,182919.845496183,125277.85456956,34185.9577498706,11870,24.2,48,76,"La Libertad","Comasagua",75.05,"ARENA",56.84200084246,0.158161225849434,4.04380791912384,3,2,3
411,608598.84,312667.318185576,182919.845496183,92818.9532922411,20192.7144630482,14465,33.5,58,77,"La Libertad","Huizúcar",44.33,"ARENA",42.07389146215,0.326302729528536,4.00967853439336,3,2,3
410,651642.59,348533.202597651,182919.845496183,98539.2012136113,21650.3518887588,11058,62.3,44,78,"La Libertad","Jayaque",47.53,"ARENA",58.9295161873757,0.23265306122449,3.97901971423404,3,2,3
422,461678.44,187600.394911346,182919.845496183,71603.187682586,19555.0080892998,5116,8.2,14,79,"La Libertad","Jicalapa",42.93,"ARENA",90.2420719311963,0.119170743070114,2.73651290070367,2,4,4
415,400777.75,173877.680304396,182919.845496183,36869.7268691691,7110.49456729488,6897,59.1,147,82,"La Libertad","Nuevo Cuscatlán",51.61,"FMLN-CD-PSD-PSP",58.1089966652168,0.133636892075179,21.31361461505,2,1,1
406,1345700.57,798668.84995844,182919.845496183,290319.414050101,73792.4746766028,35997,64.2,290,80,"La Libertad","Puerto de La Libertad",162,"ARENA",37.3836866961136,0.222203703703704,8.05622690779787,5,3,2
402,1527955.1,951615.983820256,182919.845496183,336307.539154544,57111.7323861263,52643,68.7,558,84,"La Libertad","Quezaltepeque",125.38,"ARENA",29.0248485078738,0.419867602488435,10.5996998651293,5,3,2
417,598924.94,311920.046449554,182919.845496183,92597.1122925204,11487.9389613822,12299,80.3,50,85,"La Libertad","Sacacoyo",25.22,"ARENA",48.6970436620863,0.48766851704996,4.06537116838767,3,2,3
418,527407.44,246159.703679616,182919.845496183,83514.7235052529,14813.1543387847,13576,79.1,348,86,"La Libertad","San José Villanueva",32.52,"ARENA",38.8485150265174,0.417466174661747,25.633470830878,3,1,1
404,1607569.34,878066.98441078,182919.845496183,446853.34233356,99729.1586203421,74280,60.6,385,83,"La Libertad","San Juan Opico",218.94,"ARENA",21.642021270867,0.33927103315977,5.18309100700054,5,2,3
421,530972.45,249930.051529545,182919.845496183,74194.6543611418,23927.8903664318,7314,16,24,87,"La Libertad","San Matías",52.53,"ARENA",72.5967254580257,0.13923472301542,3.28137817883511,3,2,3
409,1029359.99,571880.589826704,182919.845496183,215580.237235099,58979.3203378181,20366,27.6,77,88,"La Libertad","San Pablo Tacachico",129.48,"ARENA",50.5430614750074,0.157290701266605,3.78081115584798,5,2,3
401,947792.42,386199.343010142,182919.845496183,327565.114756459,51108.1222389805,121908,89.3,3785,81,"La Libertad","Santa Tecla",112.2,"ARENA",7.77465318108738,1.08652406417112,31.0480034124094,4,1,1
420,469263.28,210358.358690198,182919.845496183,62447.336421385,13537.7315912879,8254,59.2,30,89,"La Libertad","Talnique",59.04,"ARENA",56.8528325660286,0.13980352303523,3.63460140537921,2,2,3
416,689142.58,348105.219057929,182919.845496183,131224.254224412,26893.2585043619,13544,29.2,77,90,"La Libertad","Tamanique",29.72,"GANA-FMLN-CD",50.8817616656822,0.455720053835801,5.685174246899,3,2,3
413,763000.65,372255.838799368,182919.845496183,157869.285015544,49955.686649278,12320,10.4,15,91,"La Libertad","Teotepeque",109.67,"ARENA",61.9318709415584,0.112337011033099,1.21753246753247,4,2,3
412,651377.1,331322.060250271,182919.845496183,109285.362498784,27849.8230649845,14322,57.9,43,92,"La Libertad","Tepecoyo",61.14,"GANA",45.4808755760369,0.234249263984298,3.00237397011591,3,2,3
419,759271.21,441253.239453073,182919.845496183,124753.512206584,10344.6076055904,22525,80.1,203,93,"La Libertad","Zaragoza",22.71,"ARENA",33.7079338512764,0.99185380889476,9.01220865704772,4,3,2
817,357942.82,141167.339768523,182919.845496183,29933.6991830957,3921.93269855278,5590,60.2,47,94,"La Paz","Cuyultitán",8.61,"ARENA",64.0327048300537,0.64924506387921,8.40787119856887,1,2,3
809,621160.91,332775.856718532,182919.845496183,84675.7773089861,20789.4317841985,16784,55.9,63,95,"La Paz","El Rosario",10.61,"GANA",37.0091104623451,1.58190386427898,3.75357483317445,3,2,3
820,278819.09,69394.82394059,182919.845496183,23543.6175288025,2960.8060209748,2570,17.4,36,96,"La Paz","Jerusalén",45.64,"ARENA",108.489918287938,0.056310254163015,14.0077821011673,1,5,5
821,214171.09,21059.6152878932,182919.845496183,5358.67986338383,4832.95608962195,637,76.1,6,97,"La Paz","Mercedes La Ceiba",6.5,"GANA",336.218351648352,0.098,9.41915227629513,1,5,5
805,850871.19,488881.933373531,182919.845496183,138219.348605216,40850.0548555416,29529,53.9,179,98,"La Paz","Olocuilta",89.68,"ARENA",28.8147648074774,0.329270740410348,6.06183751566257,4,2,3
818,311179.63,99625.5550796625,182919.845496183,25350.0142408141,3284.21632480436,2727,64.2,14,99,"La Paz","Paraíso de Osorio",7.21,"ARENA",114.110608727539,0.378224687933426,5.13384671800513,1,4,4
813,368495.45,137464.930258232,182919.845496183,34978.3490598619,13132.3231822621,4258,25.9,23,100,"La Paz","San Antonio Masahuat",28.83,"FMLN",86.5419093471113,0.147693374956642,5.40159699389385,1,2,3
819,305886.15,91337.577643782,182919.845496183,27114.6271931381,4514.09790274774,2818,48.7,3,101,"La Paz","San Emigdio",9.91,"ARENA",108.547249822569,0.284359233097881,1.06458481192335,1,4,4
807,482794.5,210120.594501463,182919.845496183,71287.7241180481,18466.3421369721,7387,36,30,102,"La Paz","San Francisco Chinameca",40.54,"ARENA",65.3573169080818,0.182215096201283,4.06118857452281,2,2,3
803,638576.19,334042.832752787,182919.845496183,94442.3956083792,27171.117638638,17256,44,96,103,"La Paz","San Juan Nonualco",59.65,"ARENA",37.0060378998609,0.289287510477787,5.56328233657858,3,2,3
808,482459.71,231825.584015921,182919.845496183,49157.236529025,18557.444476079,7707,58.9,42,104,"La Paz","San Juan Talpa",40.74,"ARENA",62.6001959257818,0.189175257731959,5.44959128065395,2,2,3
815,320489.59,103158.138740858,182919.845496183,26248.8868630592,8162.72358397977,3630,36.4,21,105,"La Paz","San Juan Tepezontes",17.92,"ARENA",88.2891432506887,0.202566964285714,5.78512396694215,1,2,3
822,940561.68,515692.185111812,182919.845496183,194399.057495531,47550.5988968554,20405,42.7,57,106,"La Paz","San Luis La Herradura",104.39,"GANA",46.094666993384,0.195468914646997,2.79343298211223,4,2,3
812,839442.47,471089.956222243,182919.845496183,155387.290258928,30045.3834374612,21675,61,198,107,"La Paz","San Luis Talpa",65.96,"GANA",38.7286029988466,0.32860824742268,9.13494809688581,4,3,2
814,407893.07,157233.787092996,182919.845496183,46676.6853503296,21062.7388015192,5084,50.5,21,108,"La Paz","San Miguel Tepezontes",46.24,"ARENA",80.2307376081825,0.109948096885813,4.13060582218725,2,2,3
804,1042709.47,586761.585124488,182919.845496183,217733.796225895,55294.2477209433,25446,51.5,98,109,"La Paz","San Pedro Masahuat",121.39,"ARENA",40.9773430008646,0.20962187989126,3.85129293405643,5,2,3
806,597278.28,320309.921394892,182919.845496183,81503.7787285637,12544.7200950225,9252,33.7,37,110,"La Paz","San Pedro Nonualco",27.54,"ARENA",64.5566666666667,0.335947712418301,3.99913532209252,3,2,3
810,576113.46,309440.447052753,182919.845496183,78738.0091216559,5015.15076783578,9820,52.1,72,111,"La Paz","San Rafael Obrajuelo",11.01,"GANA",58.6673584521385,0.891916439600363,7.33197556008147,3,2,3
811,443233.43,192253.891176574,182919.845496183,57072.8172008783,10986.8760962942,5990,25.9,27,112,"La Paz","Santa María Ostuma",24.12,"ARENA",73.9955642737897,0.248341625207297,4.50751252086811,2,2,3
802,1295232.56,773845.674654582,182919.845496183,281296.081957565,57170.9499065458,39887,30.1,143,113,"La Paz","Santiago Nonualco",121.51,"GANA",32.472548950786,0.328261048473377,3.58512798656204,5,2,3
816,348549.15,122689.231386888,182919.845496183,36421.7341359669,6518.33936309992,3809,19.3,10,114,"La Paz","Tapalhuaca",14.31,"FMLN",91.506734050932,0.26617749825297,2.62536098713573,1,4,4
801,1810594.33,981717.646114015,182919.845496183,499601.758617805,146355.067775262,65826,64,606,115,"La Paz","Zacatecoluca",321.3,"FMLN",27.5057626165953,0.204873949579832,9.20608877950962,5,3,2
713,420706,170820.635020669,182919.845496183,43465.8001660601,23499.7113726292,4215,12.3,17,116,"La Unión","Anamorós",108,"ARENA",99.81162514828,0.039027777777778,4.03321470937129,2,4,4
714,508027.11,219359.648692281,182919.845496183,74422.2596725436,31325.3583019134,8179,12.1,35,117,"La Unión","Bolívar",51.59,"ARENA",62.1135970167502,0.158538476448924,4.27925174226678,2,2,3
707,1502830.89,792534.385889096,182919.845496183,432134.263144298,95242.3934193264,37362,12.4,264,118,"La Unión","Concepción de Oriente",68.77,"FMLN",40.2235129275735,0.543289224952741,7.06600289063755,5,2,3
706,861545.35,474208.142011644,182919.845496183,156415.814893997,48001.5484754346,12324,45.6,61,119,"La Unión","Conchagua",200.64,"ARENA",69.9079316780266,0.061423444976077,4.94969165855242,4,2,3
708,636468.28,298197.331842604,182919.845496183,88523.3639340125,66827.737851879,6546,14.5,44,120,"La Unión","El Carmen",105.38,"PDC",97.2301069355332,0.062118048965648,6.72166208371525,3,5,5
715,563915.82,244597.221867934,182919.845496183,93357.70143442,43041.053111063,7567,13.7,53,121,"La Unión","El Sauce",146.71,"ARENA",74.5230368706224,0.051577942880513,7.00409673582662,3,2,3
701,1391923.05,877441.993686107,182919.845496183,265794.809957599,65766.4046012834,34045,38,690,122,"La Unión","Intipucá",94.49,"PCN",40.8848009986782,0.360302677532014,20.2672932882949,5,1,1
709,848144.82,421565.906625875,182919.845496183,198645.66520447,45013.4097527277,13385,53,43,123,"La Unión","La Unión",144.43,"ARENA",63.3653208815839,0.092674652080593,3.21255136346657,4,2,3
718,343731.96,114401.253951007,182919.845496183,38812.9734836059,7597.89108151688,2398,4.8,22,124,"La Unión","Lislique",98.82,"ARENA",143.341100917431,0.024266342845578,9.1743119266055,1,5,5
705,877506.9,468705.466500937,182919.845496183,176686.603387959,49194.9831177352,14551,18.8,72,"NA","La Unión","Meanguera del Golfo",25.13,"ARENA",60.3056078620026,0.579029048945483,4.94811353171603,4,2,3
711,782022.66,406586.402735616,182919.845496183,153269.75071614,39246.6596872599,9637,14,74,125,"La Unión","Nueva Esparta",86.16,"ARENA",81.1479360796928,0.111850046425255,7.67873819653419,4,2,3
703,1118788.35,584478.992912639,182919.845496183,216886.782408779,134502.729457452,16375,21.7,153,126,"La Unión","Pasaquina",295.23,"ARENA",68.3229526717557,0.055465230498256,9.34351145038168,5,2,3
712,684513.92,321294.967319648,182919.845496183,122631.641930035,57667.4506546785,9701,10.5,45,127,"La Unión","Polorós",126.6,"ARENA",70.5611710132976,0.076627172195893,4.63869704154211,3,2,3
704,1146748.22,619370.018150903,182919.845496183,229834.040756116,114624.311064323,17598,16.9,100,128,"La Unión","San Alejo",251.64,"ARENA",65.1635538129333,0.069933237958989,5.68246391635413,5,2,3
716,378591.99,135019.290031251,182919.845496183,40082.0556313589,20570.7901703419,2971,27.4,22,129,"La Unión","San José las Fuentes",45.16,"GANA",127.429145069,0.065788308237378,7.40491417031303,1,5,5
702,1126833.73,671706.5510083,182919.845496183,213647.085666105,58560.2455779263,27693,49.3,577,130,"La Unión","Santa Rosa de Lima",128.56,"ARENA",40.6902007727585,0.215409147479776,20.8355902213556,5,1,1
717,448181.06,183830.047061416,182919.845496183,62368.1096357705,19063.0594581224,6871,42.2,39,131,"La Unión","Yayantique",41.86,"ARENA",65.2279231552904,0.164142379359771,5.67602969000146,2,2,3
710,591031.22,295310.122407973,182919.845496183,87666.2650714551,25134.9913595984,6799,17.3,16,132,"La Unión","Yucuaiquín",55.18,"FMLN",86.9291395793499,0.12321493294672,2.35328724812472,3,4,4
1216,321297.81,62499.492467296,182919.845496183,23854.7703595796,52023.697747005,1821,14.2,9,133,"Morazán","Arambala",114.21,"ARENA",176.440313014827,0.015944313107434,4.94233937397035,1,5,5
1205,697074.26,317626.516979176,182919.845496183,134701.641323931,61826.2534349093,10943,9.9,100,134,"Morazán","Cacaopera",135.73,"ARENA",63.7004715343142,0.080623296249908,9.13826190258613,4,2,3
1210,590812.32,283897.171348728,182919.845496183,108357.678318134,15637.6275077023,9700,12.8,41,135,"Morazán","Chilanga",34.33,"GANA",60.9084865979382,0.282551704048937,4.22680412371134,3,2,3
1203,963876.11,501415.80703681,182919.845496183,236271.660481778,43268.8089588303,15410,21.8,144,136,"Morazán","Corinto",94.99,"ARENA",62.5487417261519,0.162227602905569,9.34458144062297,4,2,3
1214,401326.8,161309.847471298,182919.845496183,47886.7108033518,9210.39048370931,5076,40.6,21,137,"Morazán","Delicias de Concepción",20.22,"ARENA",79.0635933806147,0.251038575667656,4.1371158392435,2,2,3
1207,540368.78,254074.040247486,182919.845496183,75424.8499050476,27950.0396380021,7617,10.8,68,138,"Morazán","El Divisadero",61.36,"FMLN",70.9424681633189,0.124136245110821,8.92739923854536,3,2,3
1221,240577.67,36548.6167254405,182919.845496183,12399.8687376366,8709.33761862127,1339,35.3,39,139,"Morazán","El Rosario",19.12,"ARENA",179.669656460045,0.070031380753138,29.126213592233,1,5,5
1224,328784.73,102580.692853931,182919.845496183,34802.6025535896,8481.58177085398,3650,24.9,6,140,"Morazán","Gualococti",18.62,"ARENA",90.0780082191781,0.196025778732546,1.64383561643836,1,4,4
1206,677413.98,314202.638661403,182919.845496183,148055.118644782,32236.3816929826,11721,32.9,36,141,"Morazán","Guatajiagua",70.77,"ARENA",57.7948963399027,0.165621025858415,3.07141028922447,3,2,3
1215,378103.91,115861.838253232,182919.845496183,49135.6328602211,30186.589063077,4210,19.2,5,142,"Morazán","Joateca",66.27,"GANA",89.8109049881235,0.063527991549721,1.18764845605701,1,4,4
1208,299170.7,65047.0302037347,182919.845496183,27585.6771730646,23618.1464134682,2877,28.7,21,143,"Morazán","Jocoaitique",51.85,"FMLN",103.987035106013,0.055486981677917,7.2992700729927,1,5,5
1202,847360.32,499084.802264986,182919.845496183,137457.233764522,27898.4253681782,10060,30.4,161,144,"Morazán","Jocoro",59.76,"FMLN",84.230648111332,0.168340026773762,16.0039761431412,4,5,5
1217,409531.5,156554.443696613,182919.845496183,59753.5957104905,10303.6185529923,4915,20.8,20,145,"Morazán","Lolotiquillo",22.62,"ARENA",83.3227873855544,0.217285587975243,4.06917599186165,2,2,3
1211,580826.51,264298.15036306,182919.845496183,112085.707975778,21522.8026140091,7818,19.6,51,146,"Morazán","Meanguera",47.25,"PSD",74.2934906625735,0.165460317460317,6.52340752110514,3,2,3
1209,643250.25,327714.750415474,182919.845496183,111183.948197693,21431.7002749022,8909,22.3,57,147,"Morazán","Osicala",47.05,"PCN",72.202295431586,0.189351753453773,6.39802446963745,3,2,3
1222,395522.03,117933.837612202,182919.845496183,45012.9028524242,49655.0469302251,3158,5.7,53,148,"Morazán","Perquín",109.01,"ARENA",125.244468017733,0.028969819282635,16.7827739075364,2,5,5
1220,341589.46,109374.116817768,182919.845496183,32468.9863227612,16826.5100330476,4172,23.9,29,149,"Morazán","San Carlos",36.94,"ARENA",81.8766682646213,0.112939902544667,6.95110258868648,1,2,3
1225,235901.29,30400.5669881684,182919.845496183,10314.0179090936,12266.8609607464,1708,12.8,1,150,"Morazán","San Fernando",26.93,"ARENA",138.115509367682,0.063423691050873,0.585480093676815,1,5,5
1201,768064.5,438553.718174676,182919.845496183,118315.974601797,28274.9509251468,21049,72.7,653,151,"Morazán","San Francisco Gotera",63.56,"GANA",36.4893581642833,0.331167400881057,31.0228514418737,4,1,1
1226,323044.36,97621.4940603308,182919.845496183,37260.1064855608,5242.90661560308,2804,26.6,11,152,"Morazán","San Isidro",11.51,"ARENA",115.208402282454,0.243614248479583,3.92296718972896,1,4,4
1213,590724.91,273842.90708225,182919.845496183,116133.521931722,17828.6257632237,10102,15.3,67,153,"Morazán","San Simón",39.14,"FMLN",58.476035438527,0.258099131323454,6.63235002969709,3,2,3
1223,344209.93,106215.174024584,182919.845496183,45044.59156667,10030.3115356716,2940,27,4,154,"Morazán","Sensembra",22.02,"ARENA",117.078207482993,0.133514986376022,1.36054421768707,1,4,4
1204,694106.83,321111.545802625,182919.845496183,136179.592270122,53895.8378156521,11406,9.4,34,155,"Morazán","Sociedad",118.32,"ARENA",60.8545353322813,0.096399594320487,2.98088725232334,3,2,3
1212,258906.7,36922.2575934515,182919.845496183,12526.6335946198,26537.9633818449,3042,7.2,9,156,"Morazán","Torola",58.26,"GANA",85.1106837606838,0.05221421215242,2.9585798816568,1,4,4
1218,391252.47,123062.872254899,182919.845496183,46970.5552460636,38299.2093605479,4346,12.6,7,157,"Morazán","Yamabal",84.08,"ARENA",90.025878969167,0.051688867745005,1.61067648412333,2,4,4
1219,366053.09,128089.999388138,182919.845496183,48889.3010358558,6153.93000667225,3613,17.7,17,158,"Morazán","Yoloaiquín",13.51,"ARENA",101.31555217271,0.267431532198372,4.70523110988099,1,4,4
313,596464.35,281859.141159577,182919.845496183,107579.806241191,24105.5429276902,8240,14.7,45,159,"San Miguel","Carolina",52.92,"FMLN",72.3864502427185,0.155706727135299,5.46116504854369,3,2,3
311,654718.25,319307.890885226,182919.845496183,105322.539640137,47167.9710726063,10728,22.1,68,160,"San Miguel","Chapeltique",103.55,"PDC-PCN",61.0289196495153,0.103602124577499,6.33855331841909,3,2,3
302,962241.39,564533.502394815,182919.845496183,179558.967760966,35229.0725326448,22311,27.9,277,161,"San Miguel","Chinameca",77.34,"ARENA",43.1285639370714,0.288479441427463,12.415400475102,4,3,2
305,1117718.2,590239.816113972,182919.845496183,250313.698048516,94244.8298061057,19984,15.5,50,162,"San Miguel","Chirilagua",206.9,"FMLN",55.9306545236189,0.096587723537941,2.50200160128102,5,2,3
304,1173773.63,673989.143220149,182919.845496183,285830.795250557,31033.8328167713,24817,34.8,281,163,"San Miguel","Ciudad Barrios",68.13,"ARENA",47.2971604142322,0.364259503889623,11.3228835072732,5,3,2
319,348805.13,119666.15527298,182919.845496183,30449.4000785504,15769.7288994073,3199,14,35,164,"San Miguel","Comacarán",34.62,"FMLN",109.035676773992,0.092403235124206,10.9409190371991,1,5,5
303,871795.32,503036.030437185,182919.845496183,165924.582745663,19914.8553287721,18363,41.5,151,165,"San Miguel","El Tránsito",43.72,"ARENA",47.4756477699722,0.420013723696249,8.22305723465665,4,2,3
309,790341.37,424408.950139741,182919.845496183,139989.735869221,43022.8346432416,14916,29.6,102,166,"San Miguel","Lolotique",94.45,"GANA",52.9861470903728,0.157924827951297,6.83829444891392,4,2,3
308,1009645.61,568772.600788249,182919.845496183,211058.496143389,46894.6640552856,22659,28.5,172,167,"San Miguel","Moncagua",102.95,"FMLN",44.5582598525972,0.220097134531326,7.59080277152566,4,2,3
317,454211.27,223062.068202572,182919.845496183,37839.1848095071,10390.1587751439,8905,56.9,240,168,"San Miguel","Nueva Guadalupe",22.81,"GANA",51.006318921954,0.390398947829899,26.9511510387423,2,1,1
316,330284.69,83287.3743966357,182919.845496183,35321.1906048848,28756.2843390984,4034,14.4,20,169,"San Miguel","Nuevo Edén de San Juan",63.13,"FMLN",81.8752330193357,0.063899889117694,4.95785820525533,1,2,3
314,407078.83,165046.226151408,182919.845496183,48995.9058019554,10116.8617578231,4049,58.3,71,170,"San Miguel","Quelepa",22.21,"FMLN",100.538115584095,0.182305267897344,17.5351938750309,2,5,5
320,489718,216472.439257651,182919.845496183,82623.0587726092,7702.65977148984,5304,8,21,171,"San Miguel","San Antonio",16.91,"ARENA",92.329939668175,0.313660555884092,3.95927601809955,2,4,4
312,489458.36,188755.276685198,182919.845496183,80048.8750290966,37734.376858085,5986,16.4,22,172,"San Miguel","San Gerardo",82.84,"PDC-FMLN",81.7671834279987,0.07225977788508,3.67524223187437,2,2,3
310,592284.63,302409.248900183,182919.845496183,89773.719568802,17181.8051555646,9115,28.5,44,173,"San Miguel","San Jorge",37.72,"ARENA",64.9791146461876,0.241648992576882,4.82720789906747,3,2,3
315,590634.86,232504.927412305,182919.845496183,98602.578642103,76607.5229550065,5637,19.2,26,174,"San Miguel","San Luis de la Reina",168.18,"ARENA",104.778226006741,0.033517659650375,4.6123824729466,3,4,4
301,2203863.45,649165.97791629,182919.845496183,1101214.34123706,270563.292913633,218410,72.4,6582,175,"San Miguel","San Miguel",593.98,"FMLN-CD",10.0904878439632,0.367705983366443,30.135982784671,5,1,1
307,817707.93,461918.840371064,182919.845496183,152362.226626373,20507.020532967,13290,42.1,90,176,"San Miguel","San Rafael Oriente",45.02,"FMLN",61.5280609480813,0.295202132385606,6.77200902934537,4,2,3
306,776641.4,340615.467112799,182919.845496183,160501.081875867,92604.9977021812,10705,9.8,52,177,"San Miguel","Sesori",203.3,"PDC-PCN",72.5494068192433,0.052656173143138,4.85754320411023,4,2,3
318,355164.36,124081.877349474,182919.845496183,31572.9908563567,16589.6399513696,3351,38.7,22,178,"San Miguel","Uluazapa",36.42,"PCN",105.98757385855,0.092009884678748,6.56520441659206,1,5,5
112,900895.18,555403.143547418,182919.845496183,147212.425561427,15359.7683734262,21267,90,143,179,"San Salvador","Aguilares",33.72,"GANA",42.3611783514365,0.630693950177936,6.72403253867494,4,2,3
109,1049201.78,370849.597168854,182919.845496183,471818.741269664,23613.5942965129,131286,100,1172,180,"San Salvador","Apopa",51.84,"ARENA",7.99172630745091,2.53252314814815,8.92707524031504,5,2,3
118,936651.62,647005.66671579,182919.845496183,102895.280844491,3830.83035944586,34710,100,575,181,"San Salvador","Ayutuxtepeque",8.41,"ARENA",26.9850653990205,4.12722948870392,16.5658311725727,4,1,1
102,1046090.57,373172.946384486,182919.845496183,474774.653162046,15223.1148647658,120200,93.3,1040,183,"San Salvador","Ciuad Delgado",33.42,"ARENA",8.70291655574043,3.5966487133453,8.6522462562396,5,2,3
105,1410101.8,976299.893527856,182919.845496183,248422.320239209,2459.75315588676,66400,100,669,182,"San Salvador","Cuscatancingo",5.4,"ARENA",21.2364728915663,12.2962962962963,10.0753012048193,5,3,2
116,788300.1,412241.92951051,182919.845496183,135976.487783365,57161.8356726351,14551,46.2,47,184,"San Salvador","El Paisnal",125.49,"FMLN",54.1749776647653,0.115953462427285,3.23001855542574,4,2,3
117,948341.35,574112.228283824,182919.845496183,162316.120055401,28993.1544207763,22906,62.1,123,185,"San Salvador","Guazapa",63.65,"PCN",41.4014384877325,0.35987431264729,5.36977211211037,4,2,3
107,767669.19,307857.58173918,182919.845496183,261117.4924505,15774.2810163627,103862,100,1365,186,"San Salvador","Ilopango",34.63,"ARENA",7.39124212897884,2.99919145249783,13.1424390056036,4,1,1
103,1102355.15,492030.689415769,182919.845496183,417328.74927982,10075.862705225,140751,100,2599,188,"San Salvador","Mejicanos",22.12,"FMLN",7.83195252609218,6.3630650994575,18.4652329290733,5,1,1
108,1111003.58,649206.734920073,182919.845496183,240905.760651269,37971.236939763,29458,56.1,268,189,"San Salvador","Nejapa",83.36,"FMLN",37.7148340009505,0.353382917466411,9.09769841808677,5,3,2
111,1369667.34,771729.529374847,182919.845496183,374035.808464191,40982.1562472466,41260,39.2,348,190,"San Salvador","Panchimalco",89.97,"FMLN",33.1960092098885,0.458597310214516,8.43431895298109,5,3,2
119,621628.18,314229.809997258,182919.845496183,106608.904722933,17869.6248158218,11377,44.4,71,191,"San Salvador","Rosario de Mora",39.23,"FMLN",54.6390243473675,0.290007647208769,6.24066098268436,3,2,3
106,1466071.32,1017535.97568834,182919.845496183,258914.961810416,6700.53404131375,63209,100,779,192,"San Salvador","San Marcos",14.71,"FMLN",23.1940280656236,4.29700883752549,12.3241943394137,5,3,2
110,1494163.09,960080.594939196,182919.845496183,325727.029330202,25435.6310786512,72758,90.7,580,193,"San Salvador","San Martín",55.84,"ARENA",20.5360659996152,1.30297277936963,7.97163198548613,5,2,3
101,2823257.15,1410810.66277182,182919.845496183,1196616.11974033,32910.5350023738,316090,100,8253,194,"San Salvador","San Salvador",72.25,"ARENA",8.93181419848777,4.37494809688581,26.1096523142143,5,1,1
115,835804.94,498144.769983222,182919.845496183,140838.193264257,13902.1409477155,19428,63.7,138,195,"San Salvador","Santiago Texacuangos",30.52,"ARENA",43.0206372246243,0.636566186107471,7.10315009264978,4,2,3
114,931299,582821.401425463,182919.845496183,154479.776169162,11077.9784354011,25344,74,349,196,"San Salvador","Santo Tomás",24.32,"ARENA",36.7463304924242,1.04210526315789,13.7705176767677,4,3,2
104,1459561.35,886956.18015246,182919.845496183,376147.593695299,13537.7315912879,241403,100,4731,197,"San Salvador","Soyapango",29.72,"ARENA",6.04616077679234,8.12257738896366,19.5979337456453,5,1,1
113,1153604.1,742983.154956872,182919.845496183,196931.457479356,30769.6400333612,90896,86,579,198,"San Salvador","Tonacatepeque",67.55,"ARENA",12.6914726720648,1.34561065877128,6.3699172680866,5,2,3
1304,1005933.41,557818.203521562,182919.845496183,210279.180488526,54916.1720136496,18342,26.5,134,199,"San Vicente","Apastepeque",120.56,"ARENA",54.8431692290917,0.1521400132714,7.30563733507796,4,2,3
1310,430695.53,189706.353440135,182919.845496183,48271.3261080624,9798.00357094893,5486,67.8,34,200,"San Vicente","Guadalupe",21.51,"FMLN",78.508117025155,0.255044165504417,6.19759387531899,2,2,3
1313,351227.42,129516.624520543,182919.845496183,32955.8756598105,5835.07181979804,3631,50.8,32,210,"San Vicente","Nuevo Tepetitán",12.81,"FMLN",96.7302175709171,0.283450429352069,8.81299917378133,1,5,5
1312,415106.14,173062.470228735,182919.845496183,51375.6165262323,7748.21094104329,5103,31.6,25,201,"San Vicente","San Cayetano Istepeque",17.01,"ARENA",81.345510484029,0.3,4.89907897315305,2,2,3
1305,358061.57,111242.311157823,182919.845496183,28305.9261331968,35593.4818890725,5661,44.6,18,202,"San Vicente","San Esteban Catarina",18.71,"FMLN",63.2505864688218,0.302565473009086,3.17965023847377,1,2,3
1306,653530.83,295649.794106165,182919.845496183,112843.409961838,62117.7789200514,7799,28,17,203,"San Vicente","San Ildefonso",61.83,"ARENA",83.7967470188486,0.12613617984797,2.1797666367483,3,4,4
1308,463587.37,209848.85114291,182919.845496183,62296.0907397573,8522.57082345209,6055,34,7,204,"San Vicente","San Lorenzo",124.46,"ARENA",76.5627365813377,0.048650168728909,1.15606936416185,2,4,4
1303,720388.1,397048.433850389,182919.845496183,112255.69017037,28164.1291349034,14411,45.5,105,205,"San Vicente","San Sebastián",16.41,"ARENA",49.9887655263341,0.878184034125533,7.28610089514954,4,2,3
1301,1561299.29,928504.762675284,182919.845496183,328139.872346645,121734.805631618,53213,69,611,206,"San Vicente","San Vicente",267.25,"ARENA",29.3405613289986,0.1991131898971,11.4821566158645,5,3,2
1307,431403.24,143205.369957674,182919.845496183,48585.35609468,56692.6576262345,5349,17.7,22,207,"San Vicente","Santa Clara",78.14,"ARENA",80.651194615816,0.06845405682109,4.11291830248645,2,2,3
1311,449022.46,213381.434804105,182919.845496183,45246.262475507,7474.90392372254,6445,34.5,43,208,"San Vicente","Santo Domingo",136.37,"GANA",69.6698929402638,0.047261127814035,6.67183863460047,2,2,3
1302,1017494.12,511932.024012829,182919.845496183,192981.596821991,129660.65913392,23893,43.8,95,209,"San Vicente","Tecoluca",284.65,"ARENA",42.5854484577073,0.083938169682066,3.97605993387184,5,2,3
1309,461709.84,214502.347408138,182919.845496183,54580.7373988208,9706.90123184201,6257,39.2,38,211,"San Vicente","Verapaz",24.31,"ARENA",73.7909285600128,0.25738379267791,6.07319801821959,2,2,3
207,1010643.33,596489.763360702,182919.845496183,189723.173566352,41510.5418140668,22686,35.9,112,212,"Santa Ana","Candelaria de la Frontera",91.13,"ARENA",44.5492078815128,0.248941073192143,4.93696552940139,4,2,3
202,1606158.51,880808.130415188,182919.845496183,466925.347074525,75505.1906518129,74038,64.4,828,213,"Santa Ana","Chalchuapa",165.76,"ARENA",21.6937047191982,0.446657818532819,11.1834463383668,5,3,2
204,1534105.27,908233.186127196,182919.845496183,385170.915787836,57781.3235785621,36768,36.3,125,214,"Santa Ana","Coatepeque",126.85,"ARENA",41.7239248803307,0.289854158454868,3.3996953872933,5,2,3
205,931350.04,551001.007138852,182919.845496183,155781.990609081,41647.1953227271,24219,60.3,119,215,"Santa Ana","El Congo",91.43,"GANA",38.45534662868,0.264891173575413,4.91349766712086,4,2,3
211,482291.92,212396.388879349,182919.845496183,63052.3491478961,23923.3382494764,8232,11.2,43,216,"Santa Ana","El Porvenir",52.52,"PCN",58.5874538386783,0.156740289413557,5.22351797862002,2,2,3
212,408395.69,139706.755466298,182919.845496183,53323.1838744299,32445.9090729285,3393,14.7,8,219,"Santa Ana","Masahuat",71.23,"PCN",120.364188034188,0.04763442369788,2.35779546124374,2,4,4
203,2009031.06,1017994.5294809,182919.845496183,503672.629820472,304444.058827495,59004,32.8,435,220,"Santa Ana","Metapán",668.36,"PCN",34.0490654870856,0.088281764318631,7.37238153345536,5,2,3
213,370278.08,130501.6704453,182919.845496183,33206.5282179366,23650.0312321557,3279,39.6,10,221,"Santa Ana","San Antonio Pajonal",51.92,"FMLN",112.924086611772,0.063154853620955,3.04971027752364,1,4,4
209,481778.77,210086.625331644,182919.845496183,71276.195494686,17496.1012254834,18566,94.2,218,222,"Santa Ana","San Sebastián Salitrillo",42.32,"ARENA",25.94951901325,0.438705103969754,11.741893784337,2,3,2
201,1993460.67,716604.285675295,182919.845496183,911710.121514586,182226.408798611,245421,83.3,3947,223,"Santa Ana","Santa Ana",400.05,"ARENA",8.12261652425832,0.61347581552306,16.0825683213743,5,1,1
210,493312.22,223809.339938594,182919.845496183,66440.4244163581,20142.6111765394,4930,8.7,20,224,"Santa Ana","Santa Rosa Guachipilín",38.41,"ARENA",100.063330628803,0.128351991668836,4.05679513184584,2,4,4
208,622484.28,324080.269244821,182919.845496183,96207.0185607031,19277.1489550237,5196,27.6,5,225,"Santa Ana","Santiago de la Frontera",44.22,"ARENA",119.800669745958,0.117503392130258,0.962278675904542,3,4,4
206,975891.72,554638.877226487,182919.845496183,156810.51524415,81522.4671498247,17923,17.4,79,226,"Santa Ana","Texistepeque",178.97,"PCN",54.4491279361714,0.100145275744538,4.40774423924566,4,2,3
603,1711256.5,971690.553183393,182919.845496183,480762.836576586,75883.2563591066,52359,48.2,304,227,"Sonsonate","Acajutla",166.59,"ARENA",32.6831394793636,0.314298577345579,5.80606963463779,5,2,3
604,1065723.15,647087.190723356,182919.845496183,205816.496091547,29899.6156948902,34912,68.7,119,228,"Sonsonate","Armenia",65.64,"ARENA",30.5259839023831,0.531870810481414,3.40857011915674,5,2,3
613,520272.58,227206.056920512,182919.845496183,86719.8543778414,23426.8375013437,9139,17.6,33,229,"Sonsonate","Caluco",51.43,"PCN",56.9288302877777,0.177697841726619,3.61089834774045,2,2,3
611,664508.62,314814.043718148,182919.845496183,133508.898805952,33265.8301248908,12676,23.7,34,230,"Sonsonate","Cuisnahuat",73.03,"PCN",52.4225796781319,0.173572504450226,2.68223414326286,3,2,3
602,1740771.96,927217.403139137,182919.845496183,550510.655897871,80124.0472445335,70959,56.1,264,231,"Sonsonate","Izalco",175.9,"ARENA",24.5320813427472,0.403405343945424,3.72045829281698,5,2,3
606,1072775.43,639505.728019715,182919.845496183,203405.086653024,46944.7673417944,24465,56.4,153,232,"Sonsonate","Juayúa",103.06,"PCN",43.8493942366646,0.237385988744421,6.25383200490497,5,2,3
610,615976.91,321872.413206574,182919.845496183,95551.5906069828,15633.075390747,10417,68.4,41,233,"Sonsonate","Nahuizalco",34.32,"FMLN",59.1318911394835,0.303525641025641,3.93587405203033,3,2,3
605,1461125.51,816739.358302245,182919.845496183,445332.174049761,16134.128255835,49081,70.7,210,234,"Sonsonate","Nahulingo",35.42,"ARENA",29.7696768606997,1.38568605307736,4.27864142947373,5,2,3
615,370727.09,138280.140333892,182919.845496183,41050.0799937766,8477.01965389863,5484,36.8,55,235,"Sonsonate","Salcoatitán",18.61,"FMLN",67.6015846097739,0.294680279419667,10.0291757840992,1,2,3
609,890396.19,542624.707861442,182919.845496183,153413.798508166,11437.8356748734,26902,74.3,196,236,"Sonsonate","San Antonio del Monte",25.11,"GANA",33.0977693108319,1.07136598964556,7.28570366515501,4,2,3
607,797685.49,419456.549180104,182919.845496183,158121.37115159,37187.7628234435,18648,50.7,62,237,"Sonsonate","San Julián",81.64,"FMLN",42.7759271771772,0.228417442430181,3.32475332475332,4,2,3
612,544147.22,259203.074890182,182919.845496183,87939.9548763054,14084.3456259294,10076,42.5,37,238,"Sonsonate","Santa Catarina Masahuat",30.92,"PDC",54.0042894005558,0.325873221216041,3.6720921000397,3,2,3
614,635682.03,305670.099202824,182919.845496183,103704.85163568,43387.2439996692,10241,7.9,37,239,"Sonsonate","Santa Isabel Ishuatán",95.25,"ARENA",62.0722614979006,0.107517060367454,3.6129284249585,3,2,3
616,480867.23,212973.834766275,182919.845496183,72255.7384804658,12717.8105393256,7055,32.3,21,240,"Sonsonate","Santo Domingo",27.92,"FMLN",68.1597774627924,0.252686246418338,2.97661233167966,2,2,3
601,1529486.41,792517.401304186,182919.845496183,448129.632370914,105919.525562657,71541,68.7,795,241,"Sonsonate","Sonsonate",232.53,"ARENA",21.3791589438224,0.307663527286802,11.1125089109741,5,3,2
608,678505.52,413770.452152373,182919.845496183,77988.9486031184,3826.27824249052,25005,100,279,242,"Sonsonate","Sonzacate",8.4,"FMLN",27.1347938412318,2.97678571428571,11.1577684463107,3,3,2
512,715089.7,373111.805878811,182919.845496183,140650.928134623,18407.1246165526,11712,13.2,70,243,"Usulután","Alegría",40.41,"FMLN",61.056156079235,0.289829250185598,5.97677595628415,4,2,3
503,979681.04,548799.928934569,182919.845496183,181019.645772114,66941.6207757626,17787,55,105,244,"Usulután","Berlín",146.96,"GANA",55.0784865351099,0.121032934131737,5.90318772136954,4,2,3
523,295355.33,78124.37058412,182919.845496183,23192.134516258,11118.9774879992,2628,62.6,38,245,"Usulután","California",24.41,"FMLN",112.387872907154,0.107660794756247,14.4596651445967,1,5,5
513,732094.72,359446.832860554,182919.845496183,135499.673491757,54228.3623533924,12197,26.4,63,246,"Usulután","Concepción Batres",119.05,"ARENA",60.02252357137,0.102452750944981,5.16520455849799,4,2,3
518,507072.73,240113.561451802,182919.845496183,71280.5162284468,12758.8095919237,6119,31.4,38,248,"Usulután","Ereguayquín",28.01,"FMLN",82.8685618565125,0.218457693680828,6.21016505965027,2,2,3
510,620595.23,312293.687317565,182919.845496183,92708.0277923808,32673.6649206958,9015,43,25,249,"Usulután","Estanzuelas",71.73,"ARENA",68.8402917359956,0.125679631953158,2.77315585135885,3,2,3
502,1707726.55,895108.290909064,182919.845496183,433834.05509021,195864.356962916,47784,42.4,324,250,"Usulután","Jiquilisco",429.99,"GANA",35.7384595262012,0.111128165771297,6.78051230537418,5,2,3
505,787266.2,475797.805159182,182919.845496183,112100.113754981,16448.4343257539,18442,56.8,234,251,"Usulután","Jucuapa",36.11,"FMLN",42.6887647760547,0.510717252838549,12.6884285869212,4,3,2
507,779518.15,342266.270766011,182919.845496183,145151.065557529,109180.971302685,13424,8.5,23,252,"Usulután","Jucuarán",239.69,"FMLN",58.0689921036949,0.056005673995578,1.71334922526818,4,2,3
511,771932.01,407442.369815059,182919.845496183,153592.422170279,27977.3723397342,13092,23.7,94,253,"Usulután","Mercedes Umaña",61.42,"FMLN",58.9621150320807,0.213155323998697,7.17995722578674,4,2,3
520,570242.22,250745.261605206,182919.845496183,95704.2798665309,40872.8354403183,7451,17.6,57,254,"Usulután","Nueva Granada",89.73,"ARENA",76.5323070728761,0.083038002897582,7.64997986847403,3,2,3
509,670714,349603.161446955,182919.845496183,115315.319673011,22875.6713497469,12443,40.9,53,255,"Usulután","Ozatlán",50.22,"ARENA",53.9029173029012,0.247769812823576,4.25942296873744,3,2,3
515,851564.32,461368.575819993,182919.845496183,130440.627835788,76835.2788027738,16584,57.9,87,256,"Usulután","Puerto El Triunfo",168.68,"FMLN",51.3485479980704,0.098316338629357,5.24602026049204,4,2,3
508,388392.43,118239.540140575,182919.845496183,40115.187923525,47117.8577860975,6518,47.9,21,257,"Usulután","San Agustín",103.44,"FMLN",59.5876695305308,0.063012374323279,3.2218471923903,2,2,3
522,376813.45,139706.755466298,182919.845496183,41473.5819023344,12713.2584223703,4726,19.9,74,258,"Usulután","San Buenaventura",27.91,"FMLN",79.7320038087177,0.169329989251164,15.6580617858654,1,5,5
517,568951.85,234305.183412721,182919.845496183,99366.0449398431,52360.7744017006,4945,25.9,17,259,"Usulután","San Dionisio",114.95,"ARENA",115.055985844287,0.043018703784254,3.43781597573306,3,4,4
514,452354.67,185766.16974111,182919.845496183,63024.9811674111,20643.6740416274,5409,18.5,23,260,"Usulután","San Francisco Javier",45.32,"FMLN",83.63,0.119351279788173,4.2521723054169,2,2,3
506,788334.49,452472.582244349,182919.845496183,127925.500787006,25016.5563187594,17342,29.9,186,261,"Usulután","Santa Elena",54.92,"ARENA",45.4581069080844,0.315768390386016,10.7254065275055,4,3,2
519,531053.83,273197.532855686,182919.845496183,69515.8932761228,5420.55917686156,10731,76.4,107,262,"Usulután","Santa María",11.9,"ARENA",49.4878231292517,0.901764705882353,9.97111173236418,3,3,2
504,828321.09,528592.891809138,182919.845496183,99631.1032771718,17177.2430386092,18201,78.8,344,263,"Usulután","Santiago de María",37.71,"GANA",45.5096472721279,0.482657120127287,18.9000604362398,4,1,1
516,554165.13,269257.34915666,182919.845496183,79932.1952175552,22055.7502977846,7697,46.2,59,264,"Usulután","Tecapán",48.42,"FMLN",71.9975483954788,0.158963238331268,7.66532415226712,3,2,3
501,1491212.52,873987.535115496,182919.845496183,370647.743195729,63657.3944509583,73064,70.5,1106,265,"Usulután","Usulután",139.75,"ARENA",20.4096753531151,0.522819320214669,15.1374137742253,5,1,1
521,452024.5,200100.289404805,182919.845496183,50916.095169668,18088.2664296784,6924,44.4,68,247,"Usulután","Villa El Triunfo",39.71,"ARENA",65.2837232813403,0.17436414001511,9.8209127671866,2,2,3
